,x0,x1,x2,x3,x4,x5,x6,x7,x8,x9,x10,x11,x12,x13,x14,x15,x16,x17,x18,x19,x20,x21,x22,x23,y
0,20,5,0,0,3,5,0,4,16,5,1,3,40,14,0,1,14,8,0,12,44,1,0,0,0
1,0,0,0,0,14,119,25,0,0,0,0,1,66,119,42,0,0,0,1,27,119,34,4,2,0
2,19,68,17,5,21,45,7,2,9,5,0,0,40,127,70,15,1,1,0,1,29,52,88,18,0
3,43,0,0,0,0,0,8,105,105,0,0,0,0,9,9,72,81,0,0,0,2,30,27,62,0
4,0,1,2,0,1,53,51,1,0,0,0,0,16,-113,73,1,0,0,0,8,51,104,4,0,0
5,1,0,3,21,27,31,78,8,0,0,5,41,63,57,9,0,0,0,39,115,37,22,3,0,0
6,0,0,13,51,10,7,2,0,16,0,2,5,7,83,37,23,58,0,0,0,21,63,16,21,0
7,0,0,0,5,50,16,0,0,0,0,0,6,-124,55,0,0,0,0,1,28,93,45,0,0,0
8,0,0,0,0,2,13,2,0,0,0,19,16,9,-126,119,0,0,0,-123,122,6,24,24,0,0
9,79,60,0,0,0,0,0,13,126,66,0,0,0,0,0,1,96,72,9,0,0,0,0,12,0
10,6,8,29,11,0,0,3,6,2,24,47,6,0,0,1,2,13,19,27,2,0,0,6,12,0
11,80,9,0,1,2,7,21,41,38,3,0,33,47,12,47,79,38,41,10,36,94,16,2,5,0
12,0,0,0,3,2,0,0,0,0,0,0,93,91,1,0,0,0,6,8,51,67,45,2,0,0
13,20,3,1,25,47,0,0,8,42,0,0,21,51,1,0,47,63,4,2,10,11,0,0,68,0
14,24,0,0,0,80,103,26,39,44,1,0,32,-108,17,3,26,24,11,7,92,-108,0,0,0,0
15,18,7,1,0,0,9,15,20,36,10,0,0,0,22,65,16,67,2,0,0,6,6,17,42,0
16,34,17,0,0,4,24,15,15,7,10,3,37,55,28,4,0,0,4,5,64,39,0,0,0,0
17,97,56,10,1,0,0,0,1,93,33,34,13,0,0,0,1,36,27,50,14,0,0,0,2,0
18,13,13,1,0,3,14,8,4,6,7,13,7,27,20,2,1,5,8,12,30,30,8,3,1,0
19,7,0,0,0,8,12,13,32,10,0,3,5,26,34,16,38,1,16,26,36,26,6,1,1,0
20,36,1,0,0,0,4,8,52,18,0,0,0,20,46,27,75,75,16,1,19,37,12,10,37,0
21,5,8,6,3,3,15,4,5,8,6,13,5,18,22,7,16,1,12,19,16,33,9,4,1,0
22,6,0,0,0,19,25,13,21,3,0,0,0,34,24,38,48,4,0,0,0,8,55,62,39,0
23,0,0,0,4,38,67,12,0,0,0,0,12,120,69,6,0,5,1,1,41,120,11,2,2,0
24,0,0,0,1,8,23,7,0,1,0,0,6,97,36,1,3,3,1,0,45,77,5,0,1,0
25,2,0,0,2,125,-107,33,8,7,1,0,39,-107,18,3,7,2,1,0,26,-107,51,1,2,0
26,37,1,0,0,0,8,48,63,21,6,0,0,0,1,84,87,54,73,15,4,0,0,4,12,0
27,124,27,0,0,0,0,1,42,95,51,6,0,0,0,1,24,54,17,1,0,0,0,0,3,0
28,0,0,0,0,0,0,0,0,12,0,0,51,-125,3,0,11,10,1,3,111,-125,1,0,4,0
29,24,83,37,3,1,1,2,8,17,12,10,3,9,33,14,32,6,39,38,9,5,9,1,2,0
30,34,45,4,0,0,0,0,0,37,44,5,1,19,10,0,2,20,18,11,13,17,3,0,5,0
31,0,0,0,0,0,0,0,3,31,4,0,0,0,0,0,19,21,8,0,0,0,0,0,1,0
32,8,5,10,8,18,4,1,10,0,8,35,36,41,2,0,0,0,0,3,12,66,38,2,0,0
33,18,46,114,76,22,3,1,0,17,3,7,66,105,0,0,16,11,0,0,31,74,4,8,114,0
34,0,0,0,0,28,116,42,2,11,2,0,0,62,116,16,6,26,1,0,15,93,56,4,11,0
35,0,0,0,0,69,42,0,0,0,0,0,3,101,83,1,0,0,0,13,53,60,21,0,0,0
36,2,30,47,47,10,2,0,0,1,35,46,22,78,43,0,0,0,3,15,37,-128,85,0,0,0
37,74,30,3,0,2,5,18,44,43,21,6,3,37,37,8,14,22,2,2,7,22,47,24,21,0
38,0,0,1,17,39,7,2,0,0,0,8,42,38,0,0,0,0,0,1,12,54,7,0,0,0
39,49,0,11,93,7,2,3,90,6,2,26,-124,20,0,1,13,10,26,25,47,16,0,0,0,0
40,14,0,0,0,24,24,18,46,1,0,0,16,49,29,39,18,4,0,0,49,122,12,2,2,0
41,12,1,0,2,7,80,53,6,12,0,0,0,0,126,103,16,34,1,1,2,10,99,53,35,0
42,0,0,2,45,64,11,7,0,0,0,0,5,21,81,52,2,0,0,0,3,20,80,30,0,0
43,124,0,0,0,0,0,0,74,124,0,0,0,0,2,8,124,124,32,0,0,0,1,8,124,0
44,0,0,0,16,44,33,7,2,1,3,18,76,44,1,0,0,6,2,8,35,35,1,4,9,0
45,3,0,0,8,-115,17,0,0,8,0,1,30,-115,11,0,0,5,3,6,39,-115,53,7,2,0
46,0,0,7,56,-122,0,0,0,0,0,0,54,123,0,0,0,0,0,2,62,45,0,0,0,0
47,16,1,0,33,-89,2,0,2,16,0,0,17,-89,9,1,8,18,0,0,4,-89,10,0,1,0
48,25,1,1,43,40,0,0,11,78,0,0,21,34,0,0,43,111,0,0,16,22,0,0,70,0
49,5,3,0,0,18,22,5,6,2,0,0,0,29,38,10,10,0,0,0,0,41,50,4,1,0
50,0,0,0,2,34,-124,24,2,1,0,0,1,15,-124,68,2,18,2,1,4,31,63,22,12,0
51,0,2,34,25,24,22,1,0,0,0,0,6,73,90,4,0,0,0,28,49,77,12,0,0,0
52,85,17,5,30,13,0,0,23,67,6,3,29,87,8,4,31,58,15,4,52,122,2,0,4,0
53,10,8,2,90,72,0,0,4,12,20,5,40,57,0,1,13,42,7,1,18,20,0,2,19,0
54,7,2,5,1,72,29,1,3,9,2,1,18,123,9,1,1,6,2,1,44,110,0,0,4,0
55,0,1,2,10,29,7,1,0,11,22,18,44,25,3,1,1,2,26,49,26,36,16,0,0,0
56,20,0,0,0,0,0,8,106,48,6,0,0,0,0,0,20,29,58,5,0,0,0,0,1,0
57,9,1,0,1,2,6,16,19,5,5,3,10,63,33,6,1,5,1,13,32,52,23,1,3,0
58,0,6,2,19,-103,40,2,2,0,0,0,13,82,67,6,0,0,0,0,0,18,17,0,0,0
59,56,23,0,0,47,22,9,30,18,4,21,23,22,39,99,104,14,15,35,115,73,10,12,9,0
60,0,0,0,0,0,36,21,0,5,0,0,0,0,117,81,5,10,5,11,1,0,15,8,4,0
61,2,1,0,0,0,37,22,1,4,0,0,0,21,117,26,3,8,2,5,3,37,35,0,3,0
62,1,0,0,0,7,49,13,7,0,0,0,0,51,67,8,0,0,1,6,24,40,22,4,0,0
63,92,8,0,0,0,1,1,39,67,28,0,0,1,26,24,7,10,7,4,1,2,55,45,7,0
64,66,13,5,3,0,0,0,15,63,62,8,0,0,0,0,46,25,127,68,0,0,0,0,0,0
65,94,35,4,0,0,0,1,19,103,1,0,0,1,5,5,75,114,49,2,1,1,1,2,76,0
66,0,0,0,2,0,0,0,2,11,0,7,26,20,5,3,24,3,5,58,110,72,26,4,7,0
67,0,0,1,20,56,10,2,0,0,0,0,9,105,18,4,2,0,0,0,2,113,41,4,0,0
68,123,16,0,0,0,0,0,13,91,70,15,0,0,0,0,3,6,58,66,2,0,0,0,0,0
69,39,0,0,30,67,1,1,66,29,0,0,73,-115,1,1,18,19,0,0,90,-115,0,0,4,0
70,0,0,0,0,3,40,23,0,6,0,0,16,113,101,22,2,5,0,3,111,113,4,1,1,0
71,0,0,10,6,8,26,16,1,4,4,9,53,107,87,36,9,1,4,17,106,103,4,0,0,0
72,33,9,0,0,1,7,7,11,8,12,17,17,8,7,13,12,0,38,72,40,7,0,0,0,0
73,8,3,1,51,123,1,0,0,9,0,0,28,123,5,0,3,3,0,4,88,123,0,0,0,0
74,7,0,0,5,97,74,4,4,14,0,0,30,-107,19,0,2,9,0,0,54,-107,4,0,4,0
75,0,0,0,52,-128,19,1,3,0,0,19,115,92,17,0,0,2,2,34,103,12,0,0,0,0
76,1,0,0,0,3,99,25,2,4,0,0,0,1,32,113,43,47,83,2,0,1,8,31,39,0
77,24,33,3,0,0,1,1,4,4,13,2,2,23,13,9,6,4,26,10,16,26,3,4,2,0
78,0,0,7,49,15,6,0,0,1,5,17,68,51,4,0,0,5,23,74,79,13,0,0,0,0
79,0,0,0,0,0,0,0,0,0,0,0,6,0,0,0,0,0,0,0,13,6,0,0,0,0
80,0,9,72,43,47,37,6,0,0,4,45,26,18,101,46,0,0,8,90,63,45,61,17,0,0
81,0,0,0,2,1,0,0,0,0,0,0,13,36,5,0,0,0,0,0,6,106,50,0,0,0
82,22,41,59,19,0,0,0,0,32,86,33,9,1,0,0,0,7,113,31,6,0,0,0,0,0
83,0,0,0,0,0,0,0,0,0,0,0,7,1,0,0,0,0,0,0,11,16,12,12,0,0
84,24,0,0,3,18,23,14,27,16,4,30,14,13,10,4,16,6,10,37,18,14,2,0,0,0
85,0,6,54,22,7,7,3,0,0,0,1,4,43,60,42,6,14,0,0,25,42,12,19,24,0
86,35,3,0,0,0,2,17,38,2,0,2,4,14,26,46,24,3,6,53,38,16,5,2,1,0
87,8,0,0,0,1,9,2,3,17,4,0,0,36,85,8,8,2,6,1,2,-126,83,0,1,0
88,5,13,7,55,86,3,0,0,2,0,1,114,76,5,0,4,2,0,0,42,44,9,31,19,0
89,0,0,1,19,63,31,21,7,0,0,3,39,95,24,5,1,0,0,0,2,25,52,116,14,0
90,8,2,0,1,34,12,16,27,27,10,0,2,44,6,6,16,7,2,1,1,21,8,24,49,0
91,1,3,3,6,2,14,20,4,0,0,0,2,16,58,36,4,0,2,3,9,24,19,15,3,0
92,-120,4,0,0,0,0,1,60,-120,27,0,0,0,0,0,71,100,20,0,0,0,0,1,21,0
93,0,0,0,5,2,0,0,0,0,0,0,23,38,16,23,1,0,0,0,65,48,20,18,0,0
94,0,0,0,0,0,0,0,0,84,12,0,0,0,0,0,0,92,14,1,1,0,0,0,13,0
95,0,0,0,0,0,0,0,0,0,0,0,2,5,4,1,0,0,0,0,8,6,0,0,1,0
96,4,0,1,23,61,13,3,5,0,0,0,0,32,86,34,6,1,2,8,12,21,63,16,0,0
97,6,0,0,0,1,30,44,19,16,17,11,3,10,33,7,8,6,52,72,14,3,1,0,0,0
98,0,0,0,1,0,0,0,0,0,0,0,26,21,1,0,0,0,0,0,8,52,20,5,1,0
99,90,20,12,8,12,2,0,31,38,34,98,43,0,0,0,2,0,7,124,43,0,0,0,0,0
100,1,0,0,0,41,104,54,24,19,0,0,23,-112,70,13,27,12,10,18,-112,-112,0,0,0,0
101,3,4,13,27,15,6,1,2,0,0,44,92,40,2,0,0,0,0,70,-128,9,0,0,0,0
102,20,4,11,30,25,5,2,12,22,0,0,5,47,42,48,80,0,0,0,0,13,24,70,95,0
103,7,0,0,5,69,44,7,14,1,3,37,66,75,21,0,0,0,10,44,-126,43,0,0,0,0
104,0,0,0,43,66,22,0,0,0,0,0,1,77,92,1,0,0,0,0,0,49,107,16,0,0
105,0,0,0,25,37,44,7,0,0,0,0,0,30,-125,31,0,0,1,2,17,35,35,5,0,0
106,1,4,1,0,26,23,18,1,0,0,0,0,15,95,69,0,1,1,10,52,36,47,9,0,0
107,25,0,0,0,0,0,0,22,49,0,0,0,0,0,0,30,48,18,5,0,0,0,0,12,0
108,26,3,0,0,13,56,71,58,43,15,2,2,31,50,25,15,55,1,0,0,9,54,16,40,0
109,4,4,3,15,8,16,22,7,8,22,24,55,6,0,0,2,9,6,3,12,4,7,54,22,0
110,0,0,0,0,8,43,49,8,15,2,1,5,56,101,82,85,41,105,112,81,37,24,18,39,0
111,0,0,0,0,1,33,23,2,4,0,0,13,114,100,23,3,5,1,3,114,114,5,0,1,0
112,10,18,12,17,39,7,1,3,26,4,0,5,54,15,5,9,2,0,9,15,47,32,29,9,0
113,0,0,0,0,11,83,16,0,0,0,0,1,16,104,31,0,1,3,4,5,26,32,6,0,0
114,0,3,27,37,12,2,0,0,2,13,18,23,72,7,0,0,0,2,11,44,64,2,0,0,0
115,4,17,38,10,0,1,54,14,30,14,1,3,2,9,126,39,41,-124,29,4,1,2,5,9,0
116,29,0,1,6,2,2,2,13,36,4,0,1,1,2,9,7,40,4,3,16,7,0,0,12,0
117,0,4,15,42,56,5,0,0,0,0,2,5,109,56,0,0,0,0,2,34,83,33,0,0,0
118,9,0,0,0,4,22,25,20,2,0,0,0,11,94,71,31,2,0,11,12,27,91,43,19,0
119,2,5,0,3,32,1,0,0,2,5,0,1,42,3,0,0,1,0,0,1,44,11,1,2,0
120,15,0,0,1,4,10,78,124,57,2,0,0,0,5,48,90,84,20,7,4,11,5,9,60,0
121,0,0,0,0,2,0,0,0,0,0,0,9,114,11,0,0,0,0,0,4,-97,49,0,0,0
122,1,0,0,0,0,11,62,41,15,3,8,7,7,22,27,50,1,3,15,32,20,6,0,1,0
123,-119,13,0,3,11,2,0,24,49,77,57,17,14,0,0,3,0,14,57,38,6,0,0,0,0
124,15,0,0,0,0,38,85,16,89,21,1,0,0,18,26,13,54,70,23,0,0,0,0,4,0
125,35,15,5,7,4,7,6,42,65,37,3,3,13,12,8,53,24,36,4,4,12,4,19,29,0
126,48,0,0,0,0,0,2,17,62,0,0,0,0,0,3,8,58,0,0,0,0,0,0,6,0
127,1,0,0,0,0,6,-124,39,18,9,-124,61,8,15,-124,41,19,4,72,46,19,110,-124,20,0
128,3,0,0,26,44,8,22,26,23,20,2,4,28,12,6,23,19,41,5,14,29,1,0,0,0
129,0,0,0,0,0,41,21,4,2,0,0,3,75,115,25,3,4,0,2,52,115,12,0,2,0
130,11,0,1,84,18,2,11,68,3,0,2,-127,58,9,1,4,0,1,14,41,70,9,0,0,0
131,0,0,0,5,98,16,0,0,0,0,0,7,-128,42,0,0,0,0,0,1,-128,64,1,0,0
132,45,1,0,0,0,0,11,54,87,46,3,0,0,0,0,9,53,19,4,0,1,1,2,23,0
133,0,0,0,1,50,35,21,3,0,0,0,1,67,53,9,0,0,0,0,4,101,68,0,0,0
134,3,3,3,0,8,41,6,5,0,0,0,4,34,97,27,5,1,11,20,17,12,12,10,1,0
135,0,0,0,7,40,49,15,1,6,0,0,5,125,75,6,2,4,2,27,109,125,9,0,0,0
136,5,24,2,9,4,4,1,0,12,46,5,2,26,23,3,0,1,14,7,20,50,11,0,0,0
137,27,1,3,4,1,6,6,50,8,1,6,37,31,25,7,13,0,0,9,74,90,11,0,0,0
138,0,0,0,36,-124,68,35,7,1,2,13,-124,88,10,5,1,35,7,13,29,0,0,2,11,0
139,0,0,1,0,0,0,0,0,0,0,6,3,0,0,0,1,0,0,0,0,0,2,1,4,0
140,7,61,47,4,0,0,8,15,15,63,43,6,9,9,1,3,20,55,12,13,14,3,0,2,0
141,82,6,0,0,0,0,7,22,121,36,3,1,0,0,0,3,96,24,18,7,0,0,0,8,0
142,0,0,0,40,98,14,7,0,0,0,0,73,88,2,0,0,0,0,0,17,81,45,2,2,0
143,7,0,0,0,0,82,-123,29,66,12,7,1,0,42,124,29,48,15,21,13,11,5,1,20,0
144,17,8,5,61,-126,0,0,0,19,0,0,19,-126,6,1,1,10,0,0,7,-126,11,4,6,0
145,83,4,7,18,4,1,0,21,125,1,0,0,29,10,1,54,88,0,0,0,18,9,19,125,0
146,0,0,0,0,0,39,31,12,4,0,1,5,64,108,32,21,3,1,17,97,86,6,0,1,0
147,8,1,0,0,8,38,38,17,39,15,0,0,0,2,15,30,10,2,0,0,0,1,1,5,0
148,24,5,17,124,52,0,0,12,0,2,10,53,26,53,14,1,0,0,0,0,13,120,41,2,0
149,0,0,0,0,36,74,6,2,0,0,0,0,60,94,7,0,0,0,1,5,90,98,1,0,0
150,37,0,0,0,0,0,16,119,72,26,31,22,0,0,1,44,6,24,119,64,0,0,0,0,0
151,125,20,0,0,0,0,0,57,125,10,3,2,0,1,7,122,62,41,76,20,0,0,5,32,0
152,0,1,4,16,51,25,9,0,0,0,1,13,123,31,0,0,0,0,0,25,122,14,0,0,0
153,0,0,0,19,119,12,0,0,0,0,0,13,80,45,27,2,0,0,0,0,28,71,53,20,0
154,0,0,0,0,1,-126,118,5,18,1,0,0,17,-126,-126,40,64,65,0,1,87,78,6,8,0
155,21,26,8,1,1,0,0,0,36,21,0,0,0,0,0,1,3,10,1,0,0,0,0,0,0
156,85,6,0,0,0,0,0,33,99,5,0,0,1,0,3,51,116,6,1,1,3,6,9,28,0
157,14,4,7,1,0,1,8,24,7,6,16,10,23,31,23,8,45,1,0,11,37,14,52,51,0
158,0,0,6,31,15,5,1,0,0,1,5,24,61,7,5,2,5,26,41,39,24,1,0,0,0
159,0,11,112,63,27,2,0,0,2,5,110,87,13,0,0,0,5,15,31,31,11,0,0,0,0
160,72,8,0,0,0,3,0,6,86,0,0,0,27,16,0,33,94,0,0,8,32,3,0,76,0
161,48,2,3,116,43,0,0,59,17,8,5,116,98,0,0,3,4,0,1,116,116,0,0,0,0
162,0,0,0,0,0,26,25,0,7,0,0,0,0,53,75,14,25,5,0,0,0,1,7,14,0
163,1,4,10,0,4,4,3,2,0,0,1,15,42,9,0,0,0,0,17,35,10,0,0,0,0
164,125,15,0,0,0,0,0,43,125,56,15,0,0,0,0,21,55,104,24,9,0,0,0,0,0
165,83,8,0,0,0,0,9,58,16,12,4,6,11,14,22,34,1,0,0,0,11,16,68,55,0
166,4,0,0,5,9,20,16,7,0,1,1,8,54,61,7,0,1,2,1,8,64,26,8,2,0
167,0,0,39,-125,54,1,0,0,0,0,1,74,124,2,0,0,0,0,3,28,71,14,5,0,0
168,2,6,29,29,23,20,8,4,11,2,2,2,20,73,124,24,68,9,1,4,94,109,64,46,0
169,36,1,1,0,0,0,3,114,79,4,0,0,0,0,4,-124,-124,11,0,0,0,0,0,90,0
170,0,1,2,0,1,19,2,0,0,0,0,5,51,68,1,0,0,0,7,39,44,8,0,0,0
171,0,0,13,52,42,4,0,0,0,0,2,19,82,27,0,0,0,0,2,97,63,1,0,0,0
172,4,0,0,0,0,0,0,16,41,3,1,0,0,0,0,17,22,9,18,36,9,0,0,0,0
173,0,0,0,8,65,6,1,1,0,0,2,30,70,1,0,0,0,0,41,65,16,0,22,1,0
174,0,0,0,0,2,20,50,13,5,18,27,11,3,15,46,37,7,51,55,29,4,0,0,0,0
175,4,0,0,0,-120,45,2,1,4,1,0,4,-120,31,0,0,4,0,0,0,-120,100,2,4,0
176,0,0,0,2,56,22,0,0,3,1,0,1,58,22,1,0,3,0,0,0,73,35,3,2,0
177,0,0,0,0,14,17,4,0,0,0,0,0,41,54,0,0,0,0,0,4,122,36,0,0,0
178,122,48,1,0,0,0,0,6,122,38,0,0,0,0,0,16,114,103,5,0,0,0,0,2,0
179,8,0,0,4,87,15,5,33,25,0,0,2,72,21,5,26,28,0,0,1,66,9,2,22,0
180,92,101,11,20,20,3,0,0,124,98,41,30,6,0,0,0,-128,66,18,8,2,1,2,4,0
181,1,9,22,13,4,2,1,0,9,16,16,30,76,93,56,29,76,41,113,122,95,30,22,66,0
182,0,0,0,0,0,25,38,2,8,4,4,19,19,108,114,5,76,17,15,114,43,10,7,16,0
183,60,31,4,0,0,0,0,7,73,2,0,0,0,0,5,55,47,0,0,0,0,1,18,45,0
184,5,0,0,64,-125,4,11,18,14,19,7,75,63,0,0,5,5,39,55,23,2,0,0,0,0
185,0,0,0,0,1,6,122,50,0,3,14,51,33,21,80,12,0,6,103,122,11,0,0,0,0
186,23,0,0,0,0,0,9,101,109,19,2,2,0,0,0,40,84,20,9,14,1,1,13,60,0
187,24,0,0,3,8,17,26,100,31,1,1,18,19,6,7,34,62,0,2,7,37,9,2,31,0
188,37,0,0,0,0,0,15,54,72,5,3,5,0,0,8,69,59,14,8,5,2,0,0,12,0
189,19,0,0,42,-112,2,0,1,12,0,0,20,-112,12,4,1,6,2,1,20,-112,3,1,2,0
190,0,4,6,1,3,5,9,1,4,3,3,7,29,110,98,20,72,45,74,43,40,53,44,37,0
191,50,0,0,85,117,0,1,46,32,2,0,115,-122,4,0,6,22,1,0,8,-122,86,1,3,0
192,10,0,0,0,0,0,106,120,62,87,1,0,0,0,8,58,36,37,0,0,0,0,21,72,0
193,1,0,0,0,0,0,0,1,53,0,0,0,0,0,0,30,68,0,0,0,0,0,1,22,0
194,55,2,0,0,6,26,47,57,43,56,5,6,35,11,94,53,68,86,9,10,58,3,7,33,0
195,58,27,56,19,0,0,0,19,6,9,-127,89,0,0,0,1,0,0,-127,111,0,0,0,0,0
196,93,31,1,0,0,1,8,62,73,71,5,0,8,24,18,31,11,23,19,2,7,13,24,34,0
197,11,4,9,16,12,6,1,5,5,2,1,3,49,29,4,17,0,2,3,13,47,41,17,1,0
198,38,3,1,3,1,2,13,59,52,27,5,6,6,16,21,25,55,58,43,6,0,0,0,7,0
199,95,0,0,0,0,0,22,125,125,12,0,0,0,0,1,64,125,69,0,0,0,0,2,8,0
200,55,24,0,0,78,90,0,0,39,82,2,1,9,24,0,0,0,5,0,0,1,1,0,0,0
201,0,0,0,1,8,37,14,0,3,0,0,5,114,103,14,2,3,0,2,74,114,6,0,1,0
202,0,0,0,0,19,59,34,4,1,3,10,9,23,54,9,1,0,11,45,42,15,1,0,0,0
203,3,0,0,3,32,8,16,17,3,1,12,7,36,10,1,7,0,0,16,32,37,0,0,0,0
204,20,2,0,0,0,1,14,38,0,0,0,0,9,41,32,17,0,0,0,16,60,41,9,0,0
205,47,19,7,14,2,3,15,16,70,0,0,0,0,1,24,86,69,10,5,4,5,0,2,50,0
206,2,0,1,3,39,51,27,13,3,0,7,43,85,39,3,7,0,0,9,81,59,5,0,0,0
207,59,50,0,0,1,16,3,3,45,7,1,8,37,39,12,16,52,9,7,30,16,1,0,22,0
208,9,0,0,0,0,0,52,95,74,3,1,5,11,5,20,89,13,0,0,0,8,17,84,117,0
209,0,0,0,1,33,28,41,16,0,0,0,0,90,99,2,0,0,0,0,3,-125,115,15,3,0
210,2,2,3,19,55,3,0,0,0,0,6,67,76,5,0,0,0,12,34,108,50,0,0,0,0
211,6,0,0,0,2,30,44,32,9,2,6,15,18,18,8,15,0,0,1,11,48,15,5,5,0
212,1,0,0,0,1,34,24,1,4,0,0,15,113,96,24,3,3,0,5,79,113,5,1,1,0
213,0,0,0,7,86,81,26,1,0,0,0,91,126,10,0,0,0,0,6,111,77,0,0,0,0
214,3,0,0,2,37,31,8,14,0,0,1,20,61,28,4,2,0,10,23,33,12,0,0,0,0
215,27,35,52,-127,24,5,8,23,34,26,22,81,23,6,0,4,20,2,19,64,24,11,1,7,0
216,0,0,0,27,86,16,1,0,0,0,0,26,-123,9,0,0,0,0,4,115,72,0,0,0,0
217,0,0,0,0,0,0,0,0,101,2,0,0,0,0,0,9,-106,54,0,0,0,0,0,6,0
218,27,0,0,37,-88,1,0,8,24,0,0,33,-88,11,0,3,12,1,0,2,127,26,0,0,0
219,7,0,0,0,4,7,41,53,15,8,6,3,5,3,1,10,7,3,2,0,0,0,16,37,0
220,66,58,8,0,0,0,0,1,118,60,1,0,0,0,0,5,96,18,3,1,0,0,0,42,0
221,16,27,7,6,16,4,0,1,9,47,14,25,28,0,0,0,39,31,3,19,17,0,0,0,0
222,27,16,1,26,18,4,2,2,4,2,1,2,18,45,6,2,0,0,4,19,42,53,4,0,0
223,0,4,56,48,63,36,4,0,0,2,40,29,30,88,49,0,0,9,70,70,58,52,17,0,0
224,0,0,0,0,0,0,0,0,78,8,0,0,0,0,0,8,-111,23,0,0,0,0,0,71,0
225,4,105,34,5,3,5,1,0,37,22,2,0,6,30,40,11,48,74,10,1,14,12,9,8,0
226,30,62,30,0,0,0,7,24,20,26,60,11,0,0,29,62,27,39,119,21,0,0,12,35,0
227,122,2,0,0,0,0,0,49,122,13,1,0,0,0,1,35,52,44,10,0,0,0,0,4,0
228,0,0,0,95,108,2,0,0,0,0,0,21,-107,41,0,0,0,0,0,0,59,42,0,0,0
229,0,0,0,0,0,107,117,3,33,4,0,0,14,80,117,31,65,29,2,1,15,21,8,9,0
230,77,8,11,36,9,0,0,71,57,57,110,66,1,0,0,2,5,61,86,48,0,0,0,0,0
231,26,3,0,43,-110,0,0,1,17,0,0,27,-110,6,0,6,14,0,0,34,-110,3,0,2,0
232,16,4,3,15,42,26,15,18,5,6,14,96,52,7,0,0,0,0,0,28,-122,17,0,0,0
233,9,23,9,68,15,3,35,26,14,25,8,42,47,41,12,17,14,84,18,16,39,18,4,10,0
234,26,55,100,23,8,10,6,14,0,16,118,40,19,0,0,0,0,0,27,39,32,0,0,0,0
235,0,0,0,8,85,43,9,6,0,0,0,38,112,31,3,0,0,0,0,101,112,0,0,0,0
236,11,0,0,0,0,1,25,96,24,5,5,1,4,11,31,-125,21,27,32,5,23,8,7,17,0
237,0,0,0,4,121,42,10,2,0,0,0,20,121,27,1,0,3,2,4,41,121,48,1,0,0
238,0,1,2,20,113,59,1,0,0,0,14,121,81,19,13,4,0,0,11,82,6,3,61,21,0
239,0,0,0,0,1,35,46,12,12,2,1,13,119,-113,95,40,17,32,82,-113,-113,33,6,8,0
240,49,99,17,0,0,0,2,13,2,124,87,8,2,0,0,0,2,70,90,10,0,0,0,0,0
241,4,0,0,4,37,38,30,14,0,0,0,7,50,65,42,9,22,18,11,37,52,27,4,6,0
242,1,8,18,33,24,2,2,1,1,1,5,67,82,8,1,0,24,4,9,63,18,0,1,19,0
243,24,42,120,10,1,0,0,0,4,21,34,21,15,2,6,4,3,72,62,25,1,0,3,2,0
244,27,36,16,60,27,13,2,3,107,5,1,9,29,85,9,12,80,1,0,0,0,14,3,7,0
245,0,0,0,0,34,31,9,3,0,0,2,4,57,23,7,4,4,1,4,17,50,3,11,18,0
246,74,9,0,0,0,0,2,27,123,22,6,0,0,0,0,25,56,36,34,6,4,5,2,10,0
247,17,21,17,6,12,17,9,7,27,6,2,1,25,100,24,10,20,0,2,16,103,40,16,26,0
248,13,0,0,0,0,13,34,72,41,2,1,6,7,5,15,64,56,0,0,2,24,29,13,40,0
249,0,0,0,16,120,31,4,1,0,0,0,28,85,41,1,0,0,0,20,106,22,1,0,0,0
250,0,0,0,0,0,99,123,3,21,1,0,0,0,123,94,22,42,69,6,0,0,67,12,7,0
251,2,12,14,17,44,22,26,4,0,1,3,124,100,11,5,0,0,0,15,124,26,0,0,0,0
252,30,0,0,0,0,0,10,53,64,19,5,2,0,0,2,9,28,44,10,2,0,0,0,2,0
253,32,11,12,36,23,16,2,2,55,7,5,6,20,32,12,11,81,54,19,4,1,0,5,18,0
254,0,0,0,9,77,17,3,0,0,2,8,10,49,18,6,1,0,4,22,23,32,0,0,0,0
255,25,1,0,0,8,107,42,28,39,28,21,32,22,31,14,11,2,18,23,91,54,2,3,1,0
256,0,0,0,0,45,-128,8,0,5,0,0,0,98,-128,3,2,2,12,29,57,102,13,0,1,0
257,79,93,10,14,6,5,7,9,41,34,7,19,14,17,15,10,60,19,14,16,7,1,14,57,0
258,39,24,8,0,0,1,13,81,20,64,62,6,0,0,0,1,36,22,20,9,1,1,1,20,0
259,15,0,0,1,32,14,19,43,44,0,0,1,28,45,8,78,36,2,1,10,41,36,35,61,0
260,15,0,0,3,113,23,1,1,21,0,0,2,-103,44,1,5,22,0,0,35,-93,8,0,3,0
261,2,5,1,1,0,0,0,0,10,-110,45,24,8,0,0,0,6,-110,41,27,47,3,0,0,0
262,33,5,0,0,3,17,95,53,95,17,0,1,5,15,15,32,47,1,0,0,3,7,13,77,0
263,0,0,1,1,0,40,50,4,0,0,0,0,12,105,37,1,0,0,0,0,58,-122,3,0,0
264,0,0,0,12,109,19,4,0,0,0,0,8,73,26,6,0,0,0,0,0,38,54,9,1,0
265,0,0,0,14,44,26,3,0,0,0,0,15,88,30,0,0,0,1,4,20,50,28,0,0,0
266,0,0,0,0,0,0,0,0,0,0,0,9,11,3,0,0,1,2,0,4,18,43,1,0,0
267,0,0,0,0,0,24,35,1,7,5,4,21,20,106,112,5,67,19,19,113,54,9,7,14,0
268,82,56,49,12,4,1,2,19,3,13,35,24,80,68,4,5,0,0,0,11,119,66,0,0,0
269,0,0,15,91,59,4,3,1,0,0,17,68,79,0,0,0,0,0,0,35,70,3,0,0,0
270,0,0,0,25,76,32,31,30,8,0,0,7,26,26,96,116,83,33,1,6,19,12,23,51,0
271,0,0,0,1,3,35,24,0,3,0,0,9,114,100,20,2,3,0,2,53,114,19,6,1,0
272,23,5,28,-123,29,0,0,7,0,0,10,-123,29,0,0,0,0,0,9,59,12,0,0,0,0
273,0,0,0,9,123,28,6,0,0,0,0,20,123,39,1,0,0,0,15,73,106,18,0,0,0
274,21,2,0,0,0,1,3,9,5,0,0,0,4,56,20,6,0,0,0,2,93,92,7,0,0
275,33,0,0,0,14,56,31,44,113,6,1,0,113,121,20,34,23,10,121,66,47,71,18,19,0
276,0,0,0,14,21,1,0,0,0,0,6,39,55,16,0,0,0,0,7,67,72,2,0,0,0
277,18,5,0,0,0,7,24,21,16,94,23,0,0,2,1,3,4,123,54,0,0,0,0,0,0
278,65,19,17,36,9,0,2,30,118,2,1,15,46,8,8,84,108,16,2,6,15,5,19,53,0
279,11,5,4,15,39,1,0,0,6,5,1,8,50,3,0,1,1,0,0,5,20,6,8,8,0
280,0,0,0,0,1,42,28,0,4,0,0,18,110,111,24,2,4,0,2,114,108,4,0,0,0
281,0,0,0,13,42,67,17,3,0,0,0,49,68,7,1,0,0,10,48,61,19,4,0,0,0
282,7,0,0,117,80,2,2,34,0,0,0,86,99,6,0,0,0,0,0,3,20,3,0,0,0
283,46,3,1,4,12,2,1,15,9,3,13,21,25,19,4,5,0,7,32,74,51,7,0,0,0
284,14,12,26,8,27,34,0,4,1,30,123,29,3,0,0,0,0,22,122,67,6,0,0,0,0
285,22,20,1,14,51,37,26,5,3,3,14,26,24,69,-128,8,9,24,106,58,9,10,5,4,0
286,1,1,0,10,56,14,6,15,0,1,0,27,79,4,0,0,0,0,0,30,86,1,0,0,0
287,35,10,0,0,0,2,3,4,10,6,3,13,23,31,11,6,0,18,47,83,24,5,0,0,0
288,0,0,0,11,26,25,3,0,0,0,0,1,69,78,3,0,0,0,0,16,68,64,0,0,0
289,68,8,0,0,0,3,9,27,14,0,0,0,5,26,51,88,14,1,0,1,6,14,77,66,0
290,0,0,0,0,4,44,22,0,2,0,0,8,116,99,20,2,4,0,1,77,116,7,0,1,0
291,0,0,0,0,8,51,21,1,0,0,0,0,43,82,32,2,0,0,3,14,70,24,13,0,0
292,35,0,0,0,0,0,44,113,91,9,4,4,8,6,8,55,46,20,20,4,7,12,7,26,0
293,-70,4,0,2,2,0,0,23,-78,3,0,1,5,1,0,32,89,4,0,0,1,1,0,15,0
294,0,0,0,12,38,-118,33,0,2,33,21,52,25,35,22,3,7,35,14,26,11,3,15,12,0
295,1,3,2,1,11,10,0,0,0,0,0,1,66,43,0,1,2,0,0,19,76,14,1,4,0
296,1,0,0,0,16,66,47,3,18,1,0,0,43,94,18,15,31,15,6,14,79,40,6,8,0
297,0,0,0,0,0,0,0,0,41,2,2,3,0,0,0,4,39,20,6,4,0,0,0,6,0
298,55,22,0,0,0,0,1,3,33,4,0,1,4,15,14,16,31,12,12,10,5,4,2,3,0
299,25,0,0,0,0,0,3,58,42,4,2,0,0,0,0,13,28,2,1,1,0,2,4,13,0
300,0,0,3,39,67,0,0,1,7,2,0,19,81,17,0,4,3,19,38,70,50,5,0,0,0
301,4,0,0,0,0,0,27,44,16,7,2,0,1,2,8,15,2,5,2,1,11,21,6,3,0
302,3,6,1,2,6,11,11,6,13,28,2,4,40,16,0,1,17,24,3,29,32,2,0,2,0
303,29,0,0,0,2,18,32,29,16,0,0,0,6,49,83,24,0,0,1,1,16,63,62,23,0
304,56,95,13,12,13,20,2,0,14,30,17,74,67,8,2,5,6,2,3,25,41,16,18,8,0
305,0,0,0,0,26,102,9,1,0,0,0,1,74,86,3,0,0,0,0,6,74,41,7,0,0
306,-114,0,0,0,0,0,0,102,-114,0,0,0,0,0,0,-128,-114,45,1,0,0,0,0,16,0
307,24,1,0,0,-94,39,0,1,39,1,0,2,-94,15,0,0,26,1,0,6,-94,9,0,1,0
308,8,0,0,0,0,7,21,15,0,0,0,1,29,57,21,2,2,0,9,26,45,17,0,2,0
309,10,0,1,7,117,55,9,24,19,2,0,11,117,54,3,6,3,1,0,8,56,115,21,3,0
310,0,0,0,0,4,37,9,0,5,0,0,0,0,103,62,9,19,0,0,0,0,6,11,9,0
311,14,3,12,1,0,0,15,66,43,66,17,9,0,0,2,25,11,122,104,6,0,0,0,0,0
312,9,4,3,40,47,3,17,70,65,3,0,3,38,9,13,125,66,26,16,2,15,13,3,19,0
313,78,27,0,0,1,4,4,30,93,8,22,17,0,0,0,45,43,42,73,23,0,0,0,3,0
314,9,1,1,0,11,98,52,24,45,0,0,0,126,126,27,41,31,15,112,41,97,57,8,15,0
315,22,2,1,118,93,0,0,26,1,0,0,-121,-121,0,0,2,0,0,0,-121,127,0,0,0,0
316,0,0,0,0,0,23,27,0,7,0,0,0,0,34,63,13,18,1,0,0,0,0,3,10,0
317,26,1,0,0,0,1,12,42,85,6,2,5,3,0,1,13,49,10,12,18,1,0,0,7,0
318,15,2,0,0,0,0,0,2,119,119,1,1,1,1,0,6,29,66,3,3,1,0,3,14,0
319,1,117,24,18,48,2,0,0,0,15,9,18,94,1,0,0,0,0,0,1,40,13,0,0,0
320,20,0,0,0,2,21,41,69,10,0,0,0,0,5,39,-128,13,0,0,0,0,11,66,-128,0
321,2,3,0,0,0,24,50,7,9,3,4,19,16,106,118,6,52,14,16,112,60,10,6,11,0
322,1,1,2,0,0,15,36,12,9,2,1,8,87,-112,-112,59,19,49,82,-112,-112,48,15,14,0
323,0,0,62,20,2,12,17,0,0,0,4,16,37,60,59,0,0,0,1,68,80,10,1,0,0
324,6,1,0,2,98,94,21,9,13,7,0,47,-121,15,13,8,0,3,2,84,-121,8,7,0,0
325,10,13,29,9,1,0,1,5,0,3,9,1,7,23,24,1,0,0,0,2,11,15,13,0,0
326,53,8,4,13,7,0,0,5,64,3,2,6,1,0,6,67,95,0,0,0,0,0,0,85,0
327,0,0,1,2,8,27,11,12,13,11,20,11,12,18,4,25,1,7,-120,68,4,0,0,0,0
328,0,0,1,2,10,70,39,0,0,0,0,2,53,103,12,0,0,0,0,1,48,-119,13,0,0
329,97,0,0,0,0,0,0,57,127,12,0,0,0,0,0,23,92,26,1,0,0,0,0,2,0
330,6,20,6,3,3,29,4,0,0,0,0,1,48,127,7,0,0,0,0,17,127,83,1,0,0
331,38,56,4,1,5,6,2,5,65,24,1,0,12,26,29,40,47,1,3,5,3,3,27,77,0
332,10,11,22,8,6,11,13,19,0,2,16,13,34,94,11,0,0,3,11,15,31,127,20,0,0
333,8,0,0,0,0,12,103,56,48,0,0,0,0,31,69,77,90,5,0,0,0,7,15,65,0
334,1,1,5,85,96,7,0,0,3,1,0,8,118,13,4,5,4,0,0,4,118,15,4,7,0
335,0,0,0,0,0,37,28,4,2,0,0,1,77,118,25,2,4,0,1,34,118,16,0,1,0
336,0,0,0,0,5,20,122,11,0,0,0,5,108,40,54,2,0,0,0,1,118,81,12,0,0
337,0,0,0,34,104,3,0,0,0,1,0,32,79,8,11,1,1,3,6,15,20,3,3,7,0
338,26,9,3,42,21,0,0,2,52,38,1,9,32,0,0,1,41,27,0,7,26,0,0,3,0
339,39,6,1,13,12,4,7,17,37,4,2,45,86,21,49,49,20,19,65,63,110,13,3,5,0
340,0,1,0,0,0,42,49,2,5,0,0,7,18,117,93,4,41,9,17,117,31,29,11,15,0
341,0,0,0,0,0,60,124,18,0,0,0,5,39,99,60,8,0,0,0,16,92,17,1,0,0
342,4,3,44,34,5,7,8,10,2,35,124,74,3,0,0,0,25,35,40,28,31,30,3,3,0
343,0,0,0,9,10,0,0,0,0,0,0,26,20,0,0,0,0,0,0,5,3,0,0,0,0
344,127,15,1,0,0,0,0,42,127,42,2,0,0,0,0,5,127,6,0,0,0,0,0,42,0
345,11,2,6,32,38,12,22,11,44,8,39,96,34,1,0,25,104,37,41,22,0,0,0,10,0
346,37,3,0,15,97,6,2,24,29,19,1,21,70,5,0,3,0,0,0,0,20,9,0,0,0
347,81,8,0,0,0,0,0,93,68,64,3,0,0,0,0,8,19,24,7,2,0,0,0,6,0
348,0,0,0,0,0,0,0,0,0,0,1,1,3,12,10,1,0,0,12,25,17,7,7,7,0
349,1,1,0,0,1,2,1,3,0,1,0,0,7,5,2,2,4,0,0,1,2,1,3,8,0
350,98,45,4,0,0,0,0,60,60,3,3,1,2,8,8,85,56,51,2,0,2,11,3,11,0
351,2,0,0,12,33,15,40,59,11,0,0,24,-126,21,37,29,19,0,0,41,122,48,9,8,0
352,6,0,0,4,12,16,28,23,0,0,0,18,103,51,24,2,0,0,14,90,58,12,0,0,0
353,24,0,0,0,53,38,7,36,23,0,0,2,31,48,36,26,51,4,0,0,6,32,62,35,0
354,1,2,1,9,5,0,0,0,14,48,27,46,10,0,0,0,85,53,15,18,1,0,0,2,0
355,0,0,0,0,106,69,0,0,0,0,0,4,-119,28,0,0,0,0,0,15,-127,24,0,0,0
356,0,0,0,98,14,3,22,55,0,0,0,-121,56,3,2,1,0,0,2,20,98,56,0,0,0
357,13,0,0,0,0,0,13,110,9,40,29,7,5,2,17,55,2,53,64,19,7,0,0,2,0
358,49,0,0,0,0,0,22,72,88,0,0,0,0,0,9,98,56,6,0,0,0,0,5,90,0
359,3,6,1,0,0,0,55,13,50,25,3,0,0,0,0,15,49,18,37,27,0,0,0,14,0
360,0,0,0,0,0,0,0,0,43,8,4,10,6,0,0,12,42,43,12,52,84,0,0,2,0
361,6,3,1,4,45,1,0,1,5,3,0,0,58,15,2,1,0,0,0,0,47,14,0,0,0
362,11,0,1,26,12,7,10,14,1,1,36,124,60,1,4,8,0,0,-125,113,18,0,0,0,0
363,0,0,0,5,19,12,13,7,2,1,0,1,20,31,51,18,8,20,8,17,34,6,3,1,0
364,6,1,0,0,0,19,57,10,21,12,10,52,35,62,95,13,88,16,15,114,67,0,0,18,0
365,111,1,0,0,0,0,1,77,112,2,0,0,0,5,7,74,84,31,3,0,1,3,2,19,0
366,12,13,8,4,11,16,8,4,0,1,0,8,44,89,9,0,0,7,46,21,13,61,14,0,0
367,0,0,0,0,0,31,28,0,4,0,0,11,11,118,78,3,5,0,6,84,22,20,4,1,0
368,11,16,0,0,0,2,0,1,3,6,4,3,32,13,0,0,4,4,7,23,47,2,1,2,0
369,66,0,0,9,38,12,7,81,72,2,2,58,64,0,0,21,29,14,15,99,38,0,0,2,0
370,15,10,11,15,18,8,6,19,34,40,32,15,1,0,0,0,26,22,33,9,2,0,0,8,0
371,5,0,0,0,4,32,44,26,30,12,8,6,26,17,12,30,34,8,3,10,27,5,10,49,0
372,71,5,0,0,0,0,0,14,38,51,1,0,0,0,0,3,35,14,0,0,0,0,0,31,0
373,83,9,5,46,36,0,0,22,28,17,31,68,35,0,0,5,0,12,122,92,2,0,0,0,0
374,0,0,0,3,87,44,2,1,4,0,0,3,49,124,49,7,4,7,57,97,40,59,16,3,0
375,9,64,30,0,0,1,3,5,4,11,5,1,18,50,34,15,3,55,34,25,35,15,3,1,0
376,0,0,0,1,5,48,87,1,1,0,5,5,8,36,113,10,0,0,16,34,42,9,4,1,0
377,0,0,0,0,0,0,65,108,5,0,0,0,0,0,71,122,21,3,0,0,0,0,25,89,0
378,6,0,1,27,30,0,1,13,32,3,0,11,23,3,8,75,65,14,0,3,8,2,12,47,0
379,70,6,0,0,0,0,0,6,123,8,0,0,0,0,0,10,102,26,0,0,0,0,0,10,0
380,5,15,6,1,7,31,11,3,3,48,9,5,35,22,2,0,10,8,1,26,38,5,4,24,0
381,7,0,0,6,33,39,35,38,51,1,0,1,44,-117,12,21,38,1,6,31,22,41,1,18,0
382,0,0,9,63,49,21,13,1,0,0,3,82,116,1,0,0,0,0,0,25,94,70,0,0,0
383,30,0,0,1,2,3,18,-124,19,0,0,0,0,0,14,58,12,0,0,0,0,0,0,1,0
384,0,0,0,0,35,46,16,2,0,0,0,5,52,45,16,2,29,5,2,14,12,8,17,11,0
385,1,0,0,2,59,55,18,5,0,0,5,44,93,9,5,0,1,5,4,51,58,0,0,0,0
386,11,22,10,0,0,0,0,1,-128,50,0,0,2,1,0,26,-128,51,0,3,4,0,0,26,0
387,22,2,2,59,56,2,0,2,63,2,6,83,29,0,0,14,125,23,13,21,3,0,0,19,0
388,4,22,63,9,0,0,1,4,13,11,6,0,0,12,28,36,72,96,0,0,0,4,15,16,0
389,1,5,28,113,42,0,0,0,23,14,29,112,49,0,0,3,52,3,5,39,24,0,0,44,0
390,51,6,1,5,1,0,1,36,73,16,14,8,0,0,0,17,49,5,41,69,0,0,0,10,0
391,0,0,0,7,58,4,5,7,0,0,6,13,60,14,1,1,1,0,4,6,98,63,0,1,0
392,0,0,0,0,2,28,38,5,0,0,0,0,1,122,106,1,0,0,0,0,1,122,110,0,0
393,5,0,1,1,0,0,2,3,3,0,5,8,4,1,0,1,2,2,3,4,5,4,0,0,0
394,0,0,0,0,0,0,2,0,0,0,0,0,0,13,38,1,5,12,8,82,15,3,10,3,0
395,8,3,8,14,11,14,7,11,0,0,2,10,99,79,3,0,0,0,0,2,88,106,7,0,0
396,26,19,2,0,0,1,6,16,45,60,6,3,23,5,0,3,12,11,8,10,40,13,11,13,0
397,28,2,0,0,0,0,22,59,44,110,27,13,11,2,8,24,65,93,17,13,32,3,1,11,0
398,10,5,31,45,37,7,7,31,7,47,67,89,16,4,0,0,6,41,31,26,0,0,0,0,0
399,0,0,0,0,22,71,74,31,0,0,0,0,9,43,103,106,6,0,0,0,2,38,120,55,0
400,32,0,0,0,0,0,49,-120,-120,0,0,0,0,0,19,-120,-120,32,0,0,0,0,0,48,0
401,69,0,0,0,0,0,0,85,75,1,0,0,0,0,2,71,100,1,0,0,0,0,0,51,0
402,0,0,0,5,17,44,19,0,0,0,0,55,81,38,7,0,0,0,2,64,65,12,3,4,0
403,0,0,0,0,0,29,48,0,15,9,7,30,21,90,113,6,85,20,17,90,72,3,3,16,0
404,0,27,21,16,45,6,0,0,1,16,9,19,61,100,18,5,52,10,0,0,15,-122,77,24,0
405,0,0,0,0,0,27,-120,11,13,0,0,0,0,9,-118,102,108,45,0,0,0,0,30,70,0
406,0,0,0,0,0,17,59,10,7,2,0,0,0,2,100,22,57,120,16,0,0,4,46,25,0
407,3,9,6,24,27,49,16,1,0,2,12,59,113,63,13,0,0,0,7,64,113,39,6,0,0
408,108,10,0,0,0,0,1,37,60,12,1,0,0,0,15,112,64,124,8,0,0,0,1,15,0
409,12,0,0,6,126,15,0,0,10,0,0,30,126,3,0,0,3,0,0,16,126,16,4,3,0
410,2,30,12,8,2,8,0,0,1,5,6,7,30,66,8,0,0,0,0,12,56,37,10,0,0
411,0,0,7,23,69,32,1,0,0,1,29,35,101,14,0,0,0,1,4,3,122,81,0,0,0
412,3,0,0,5,66,83,37,13,15,4,6,109,-120,15,2,4,4,1,6,93,-120,1,0,0,0
413,15,0,0,0,0,4,25,80,11,0,0,0,11,45,39,54,3,4,13,18,15,49,36,29,0
414,5,0,0,0,0,0,0,3,66,0,0,0,0,0,0,22,35,7,0,0,0,0,0,3,0
415,24,0,0,40,-115,1,0,16,17,2,1,88,-115,0,0,1,3,1,1,46,-115,1,0,1,0
416,6,0,1,1,27,51,16,10,1,0,8,29,73,44,7,7,0,10,69,75,30,3,0,0,0
417,1,0,4,17,15,8,14,19,16,2,2,10,25,19,30,52,27,20,31,66,39,15,5,10,0
418,1,7,26,28,9,1,0,0,0,11,28,33,56,3,0,0,1,4,9,50,36,0,0,0,0
419,8,4,0,0,21,76,15,3,0,0,0,0,43,-126,14,1,0,0,1,8,96,114,15,0,0
420,45,1,0,114,120,0,0,11,22,3,2,120,120,0,0,1,4,0,0,70,120,0,0,0,0
421,7,0,0,0,0,0,0,14,32,3,0,0,0,0,0,13,37,3,0,0,0,0,0,18,0
422,0,0,0,0,29,45,17,3,0,0,0,0,38,56,4,0,0,0,0,2,54,46,5,2,0
423,0,0,37,71,2,1,32,47,1,11,33,65,23,6,1,0,0,14,6,2,40,111,0,0,0
424,0,0,0,0,11,125,29,0,0,0,0,58,55,55,7,0,0,3,43,125,27,0,0,0,0
425,66,44,15,10,24,4,0,9,16,15,16,10,43,68,16,9,35,5,0,0,0,21,16,13,0
426,43,2,0,0,0,0,1,59,117,11,0,0,0,0,8,86,124,80,2,0,0,0,6,44,0
427,2,0,0,0,17,78,49,14,29,3,0,0,5,49,53,29,34,35,68,18,1,3,15,29,0
428,1,0,0,5,15,10,19,8,28,4,0,3,10,4,7,19,13,1,0,1,6,9,38,92,0
429,111,46,31,0,0,0,0,18,69,10,23,10,0,0,0,8,38,13,8,6,0,0,1,6,0
430,2,0,1,17,97,3,0,1,0,0,1,13,54,86,6,0,0,0,7,22,46,101,6,0,0
431,32,0,0,54,-117,0,0,14,19,1,2,88,-117,0,0,1,6,0,5,111,-117,0,0,1,0
432,4,0,0,0,44,65,16,7,18,2,2,40,125,23,3,10,81,1,1,94,89,0,0,87,0
433,1,2,0,0,0,29,31,2,3,0,0,15,102,108,26,3,3,0,2,93,113,7,1,1,0
434,10,15,2,0,0,1,4,1,3,6,1,1,32,108,80,13,19,21,56,72,104,70,32,32,0
435,0,0,0,6,51,73,11,0,0,3,1,12,45,53,12,1,49,20,5,11,12,8,13,17,0
436,0,0,0,0,0,2,2,0,0,0,6,23,19,26,10,2,0,0,44,103,14,2,0,0,0
437,9,9,1,1,20,19,15,21,55,26,6,5,15,9,6,24,48,26,17,21,4,1,2,18,0
438,5,7,0,0,1,2,0,0,17,32,2,7,38,9,0,0,15,28,3,26,37,0,0,0,0
439,20,0,0,0,2,21,20,70,77,0,0,0,5,18,8,63,63,0,0,0,5,6,3,69,0
440,0,0,0,0,5,94,93,11,0,0,11,10,6,55,45,1,25,18,35,8,1,0,1,36,0
441,0,10,7,2,2,4,3,0,0,5,11,8,41,17,0,0,0,0,0,3,85,40,0,0,0
442,38,26,22,5,2,3,7,43,44,13,2,0,11,26,22,61,38,46,15,32,38,6,1,3,0
443,13,5,24,11,1,2,7,6,22,19,16,6,6,13,29,36,31,62,52,11,3,0,0,2,0
444,0,0,0,0,1,53,69,4,15,0,0,0,84,-99,101,32,76,7,0,0,-99,94,5,6,0
445,0,3,3,51,113,7,0,0,0,0,0,7,84,113,4,0,0,0,0,16,88,107,9,0,0
446,9,0,0,7,112,27,3,9,27,0,0,2,-122,41,5,7,19,2,3,53,-126,13,2,2,0
447,16,7,1,0,1,8,30,27,66,12,0,0,1,13,40,57,39,32,1,0,12,47,14,11,0
448,113,17,0,0,0,0,0,19,-124,6,0,3,3,1,4,48,116,47,11,11,3,0,0,9,0
449,96,8,3,6,1,1,0,21,42,57,25,11,2,0,0,14,41,21,6,0,2,0,0,55,0
450,6,0,0,0,0,2,28,58,0,0,0,0,0,20,127,107,21,0,0,7,39,39,103,108,0
451,13,58,22,0,4,54,32,26,38,-128,50,37,6,3,7,4,36,72,32,55,21,19,2,1,0
452,99,0,0,0,0,2,5,98,109,19,0,0,0,1,6,73,116,81,0,0,0,0,0,1,0
453,6,0,0,1,8,10,39,40,1,1,4,13,10,26,127,41,3,9,23,107,18,6,8,4,0
454,16,0,0,0,16,22,3,13,5,3,22,32,28,16,2,3,2,2,11,35,34,20,14,6,0
455,11,0,0,16,-113,9,1,2,8,0,0,1,-113,54,1,1,5,0,0,0,-113,51,0,1,0
456,30,4,0,2,46,42,9,41,60,9,0,30,47,9,8,32,39,7,4,73,55,0,0,20,0
457,0,0,0,0,0,0,0,0,0,0,0,12,8,0,0,0,0,0,0,18,74,12,2,0,0
458,12,7,18,6,6,12,37,14,10,55,97,29,32,35,3,1,4,19,37,92,57,67,6,1,0
459,36,24,4,0,0,1,16,43,85,14,0,0,0,8,27,40,16,3,10,26,1,12,38,22,0
460,44,22,0,0,0,0,0,2,72,40,1,0,0,0,0,8,63,2,0,0,0,0,11,63,0
461,4,3,17,59,15,1,0,1,17,5,7,27,22,31,7,7,6,4,9,34,13,17,21,8,0
462,0,0,0,0,1,38,23,0,2,0,0,13,112,92,17,2,2,0,2,84,112,4,0,2,0
463,56,34,1,3,3,0,1,21,30,48,5,4,4,10,4,5,13,5,3,5,12,6,5,18,0
464,17,1,1,11,22,7,1,13,2,1,10,92,39,5,0,1,0,0,2,53,93,30,0,0,0
465,0,0,0,0,0,0,0,0,0,0,0,2,15,4,0,0,1,2,0,1,70,98,1,0,0
466,0,0,0,4,32,11,8,0,0,0,0,0,33,18,7,0,0,0,0,0,22,11,0,0,0
467,1,0,0,3,15,70,57,14,16,27,27,43,84,57,34,27,0,30,70,91,38,0,0,0,0
468,126,14,0,0,0,0,0,83,126,41,0,0,0,0,0,35,126,110,0,0,0,0,0,20,0
469,21,46,4,0,0,0,0,1,19,20,1,1,23,18,2,1,0,5,1,18,63,5,0,0,0
470,40,0,0,0,0,0,8,92,55,0,0,0,1,9,18,102,100,5,1,1,2,3,4,80,0
471,33,26,0,0,0,4,55,75,63,100,9,4,0,0,0,3,49,124,32,5,0,0,0,0,0
472,29,5,3,55,73,4,1,16,25,2,1,37,88,27,10,0,8,0,32,-126,26,5,0,0,0
473,0,0,1,4,40,9,4,0,1,0,0,7,46,4,3,5,5,5,2,5,37,2,0,8,0
474,0,0,0,14,-126,44,1,0,0,0,0,78,127,13,2,1,1,1,0,40,32,8,11,6,0
475,118,30,12,3,1,0,0,8,107,15,17,14,4,0,0,20,46,49,40,54,2,0,0,1,0
476,44,2,1,38,126,12,2,37,28,10,10,-128,108,1,0,6,5,2,2,-128,-128,0,1,3,0
477,32,1,0,0,0,5,26,43,54,40,21,4,1,0,1,6,2,26,55,24,0,0,0,0,0
478,0,0,0,0,0,33,88,11,15,0,0,1,33,114,67,22,30,9,9,76,94,21,7,13,0
479,33,17,16,2,0,0,0,11,5,60,82,10,0,0,0,0,1,61,119,77,0,0,0,0,0
480,0,0,0,31,76,23,6,0,0,0,0,74,118,12,0,0,0,0,1,61,118,39,9,1,0
481,4,7,6,10,55,0,0,0,3,4,8,14,67,1,1,4,8,0,0,7,59,5,8,29,0
482,0,4,13,4,9,113,52,0,0,48,121,19,11,24,13,0,0,6,24,41,29,0,0,0,0
483,21,0,6,35,6,0,0,54,5,1,9,36,38,3,5,14,3,0,0,5,95,39,43,18,0
484,1,2,4,64,120,0,0,0,4,2,0,48,120,0,0,0,2,0,0,39,120,0,0,0,0
485,0,0,0,0,1,35,20,0,8,0,0,0,0,58,72,13,22,0,0,0,0,0,5,9,0
486,0,0,0,0,0,0,0,0,0,0,0,8,13,0,0,0,9,0,0,6,56,8,2,14,0
487,4,2,45,63,1,0,8,45,7,9,23,18,5,0,3,30,0,27,45,8,0,0,0,0,0
488,0,0,0,9,78,10,4,0,0,0,1,24,58,13,2,0,0,0,7,81,28,1,0,0,0
489,1,1,0,0,15,40,18,5,2,0,0,2,27,41,33,7,15,2,0,1,62,14,3,12,0
490,124,3,0,0,0,0,0,22,124,0,0,0,0,0,8,74,70,2,0,0,0,0,14,110,0
491,2,0,0,4,47,6,2,5,1,1,2,10,35,25,6,1,6,2,7,35,32,6,6,19,0
492,0,0,0,0,1,37,22,0,6,3,3,18,20,116,94,4,66,14,22,116,43,14,8,15,0
493,44,6,0,0,0,5,1,1,39,1,0,3,40,29,2,12,52,9,2,26,32,4,0,19,0
494,48,0,0,86,-123,0,0,11,22,0,0,92,-123,0,0,4,4,0,0,125,-123,0,0,0,0
495,0,0,0,1,9,19,101,52,25,0,0,12,58,24,54,37,39,2,1,57,124,2,0,6,0
496,34,4,0,0,10,77,37,22,36,62,67,38,17,12,2,2,0,17,122,95,0,0,0,0,0
497,0,0,4,40,67,13,0,0,0,0,49,98,30,4,0,0,0,0,66,102,1,0,0,0,1
498,0,0,0,0,35,53,8,3,0,0,0,0,19,84,26,0,0,0,0,0,8,94,38,0,1
499,38,0,0,0,0,0,14,110,112,0,0,0,0,0,0,54,80,2,0,0,0,0,0,19,1
500,11,67,15,7,2,1,15,9,4,11,4,1,12,27,77,27,4,77,45,4,10,10,4,2,1
501,12,10,3,1,7,13,5,3,6,11,5,4,51,40,41,23,4,29,74,17,18,25,52,24,1
502,0,0,0,0,3,12,3,0,0,0,0,0,16,107,16,0,0,0,0,0,22,-110,74,0,1
503,59,7,20,30,14,5,15,74,15,1,7,119,-117,5,9,25,18,1,4,45,-117,11,0,4,1
504,88,5,0,3,22,3,1,25,119,56,12,6,27,6,1,10,75,49,7,0,1,0,4,40,1
505,0,0,0,27,57,9,0,0,0,0,1,40,18,3,4,10,0,0,2,12,1,0,35,74,1
506,2,0,0,0,0,0,0,4,44,3,14,98,2,0,0,32,14,10,50,-119,3,1,39,35,1
507,22,45,55,24,2,0,0,4,124,30,3,0,0,0,4,52,87,50,2,0,0,0,0,15,1
508,1,19,41,24,3,7,0,0,3,7,6,2,59,51,0,0,0,1,9,28,77,35,0,0,1
509,0,0,0,0,0,0,0,0,0,0,0,3,0,0,0,0,0,0,0,12,32,5,0,0,1
510,0,0,0,0,6,21,66,5,0,0,0,0,10,21,61,28,0,0,0,0,6,29,122,37,1
511,0,3,3,35,78,4,0,0,0,0,16,91,44,0,0,0,4,2,37,55,4,0,5,15,1
512,4,0,0,4,-127,15,1,4,6,0,0,2,-127,37,1,1,7,0,0,2,-127,61,0,1,1
513,19,7,2,20,67,19,1,4,23,31,8,67,49,0,0,0,36,30,8,26,6,0,0,0,1
514,18,29,69,39,3,5,0,1,5,3,3,3,53,55,1,2,1,0,0,23,105,24,0,0,1
515,0,0,0,0,0,0,0,0,0,0,6,54,6,0,0,0,0,0,19,97,11,7,5,0,1
516,10,24,12,1,6,20,6,2,5,8,6,2,105,118,14,6,7,2,30,118,118,54,2,5,1
517,30,18,7,2,11,27,33,29,15,27,40,9,14,22,9,3,17,1,4,5,14,53,61,22,1
518,85,1,0,3,3,1,1,99,-127,22,2,19,13,0,0,14,28,122,53,35,8,0,0,1,1
519,68,2,0,0,0,0,0,66,58,9,2,1,0,0,2,48,37,2,1,5,12,6,2,24,1
520,2,0,0,16,20,5,34,76,29,15,6,16,66,20,2,7,14,12,59,46,23,1,0,0,1
521,39,34,2,1,0,0,5,10,93,79,15,1,1,1,3,10,11,91,35,7,5,0,0,1,1
522,19,10,3,5,13,30,15,19,23,0,0,0,12,84,41,33,0,0,0,0,55,56,10,1,1
523,0,0,0,0,13,53,38,8,1,1,20,45,26,23,16,10,0,0,16,44,41,13,14,15,1
524,9,35,20,9,2,11,35,27,6,122,83,29,0,0,0,0,5,117,71,24,1,0,0,0,1
525,0,0,0,0,20,106,19,0,0,0,0,0,9,122,122,0,4,19,26,26,49,66,85,6,1
526,3,0,0,0,49,30,12,31,27,0,0,4,47,29,17,57,59,1,0,9,34,9,1,25,1
527,20,2,10,12,20,8,3,12,30,1,8,8,103,85,6,18,25,5,4,21,112,47,2,9,1
528,2,0,0,0,0,0,22,96,23,10,3,0,0,0,4,75,7,13,9,4,3,2,5,5,1
529,0,0,0,0,26,69,4,0,0,0,0,0,67,79,4,0,0,0,0,1,40,61,36,0,1
530,0,1,0,0,75,61,1,0,0,0,0,0,126,73,0,0,0,0,0,15,91,44,0,0,1
531,19,0,0,0,0,8,25,64,80,11,0,3,12,5,4,29,73,12,5,7,6,0,0,28,1
532,22,18,9,0,4,4,0,0,17,14,2,1,50,22,0,3,8,0,0,4,67,30,13,32,1
533,75,0,0,0,0,0,0,25,108,1,0,0,0,0,0,34,92,2,0,0,0,0,0,52,1
534,50,16,8,6,6,0,0,79,34,36,16,3,2,1,11,44,16,0,7,24,32,14,21,47,1
535,0,0,0,0,0,47,117,24,20,1,2,7,11,35,57,18,16,5,34,38,6,1,0,1,1
536,117,35,0,0,0,0,0,10,-118,92,0,0,0,0,0,1,89,43,1,0,0,0,1,31,1
537,-116,103,2,0,0,0,0,32,126,65,2,0,0,0,0,29,113,29,0,0,0,0,0,12,1
538,0,0,0,0,7,21,108,35,0,0,0,0,3,46,-125,64,5,0,0,0,23,35,81,62,1
539,1,16,11,8,63,11,0,0,2,4,1,4,67,62,23,3,0,0,56,120,63,25,6,0,1
540,88,30,0,0,0,0,0,1,115,57,0,0,0,0,0,1,85,30,2,0,0,0,0,8,1
541,0,0,0,2,7,18,101,13,18,1,1,31,69,32,36,13,12,4,44,122,38,0,0,0,1
542,58,13,5,4,0,0,21,98,11,79,117,8,0,0,5,14,0,41,117,42,3,0,0,0,1
543,47,1,0,1,29,4,5,30,64,4,2,65,29,1,0,20,32,5,8,103,33,0,0,5,1
544,15,0,0,0,0,0,26,123,71,0,0,0,0,0,18,81,119,0,0,0,0,0,1,92,1
545,85,0,0,0,2,14,6,46,90,8,0,0,1,6,2,22,98,28,1,0,0,0,0,3,1
546,18,2,0,10,51,5,2,24,5,0,1,1,35,19,15,39,1,2,20,18,11,4,4,4,1
547,10,80,85,56,5,2,4,5,49,65,36,15,3,0,0,3,42,11,3,0,0,0,25,33,1
548,2,0,0,0,0,42,88,6,9,0,0,0,62,-128,82,14,26,7,1,13,117,78,8,6,1
549,0,0,0,0,0,0,0,0,23,0,0,0,0,0,0,1,10,0,0,0,0,0,0,1,1
550,57,10,1,0,0,0,0,5,43,0,0,0,0,0,4,47,47,11,1,0,0,0,3,48,1
551,74,-119,1,0,0,0,0,2,-119,88,0,0,0,0,0,29,114,-119,10,2,1,0,0,10,1
552,2,2,13,-118,39,0,0,0,0,0,45,-118,1,0,0,0,0,0,35,91,6,0,0,0,1
553,82,25,28,8,0,0,0,19,-111,17,5,2,14,8,1,29,-111,0,0,0,15,18,7,118,1
554,29,0,0,0,0,0,0,5,23,0,0,0,0,0,0,7,25,0,0,0,0,0,0,3,1
555,117,0,0,0,0,0,0,18,-127,0,0,0,0,0,0,26,93,0,0,0,0,0,0,33,1
556,-92,9,0,0,0,0,0,2,-92,17,0,0,0,0,0,3,-92,1,0,0,0,0,0,30,1
557,29,15,3,0,1,8,15,55,8,114,59,3,3,2,0,2,0,30,38,9,9,37,72,3,1
558,101,7,0,0,0,0,0,56,38,1,0,0,0,0,14,118,118,17,0,0,0,0,1,42,1
559,-90,7,0,0,0,0,0,9,-85,6,0,0,0,0,0,27,-85,1,0,0,0,0,0,35,1
560,24,0,0,0,0,0,14,126,-115,3,0,0,0,0,2,-115,-115,1,0,0,0,0,0,119,1
561,2,-120,126,1,0,0,0,0,0,-120,-120,31,5,0,0,0,0,18,68,63,6,0,0,0,1
562,124,52,0,0,0,0,0,3,83,124,3,0,0,0,0,0,115,124,7,0,0,0,0,0,1
563,116,0,0,0,0,0,0,50,118,20,0,0,0,0,0,45,118,28,0,0,0,0,0,19,1
564,1,0,0,0,0,41,127,25,37,18,8,6,3,16,70,47,17,85,127,29,2,1,2,6,1
565,12,11,0,4,43,7,0,0,55,18,2,5,40,5,0,0,38,30,46,9,5,1,0,5,1
566,2,2,3,4,7,9,12,15,46,26,11,43,31,5,2,15,60,71,16,40,6,0,0,2,1
567,10,2,0,0,6,62,60,29,49,63,9,0,35,99,13,15,29,-126,73,3,14,12,0,1,1
568,37,16,17,4,0,0,9,113,115,21,10,0,0,0,5,89,51,72,50,0,0,0,4,16,1
569,5,104,115,3,0,0,0,0,0,29,-127,46,0,0,0,0,0,36,85,48,4,0,0,0,1
570,24,12,0,0,16,13,19,28,1,0,0,2,23,84,102,36,0,0,2,31,40,44,24,4,1
571,9,-123,15,0,0,0,0,0,34,-123,68,2,0,0,0,0,45,73,88,19,0,0,0,0,1
572,32,53,23,0,0,0,5,19,28,3,1,0,0,6,52,70,23,23,41,2,0,6,14,11,1
573,2,11,16,33,19,1,4,9,28,8,0,20,28,2,26,109,71,78,1,2,4,0,1,22,1
574,5,10,1,0,5,17,36,23,0,0,12,72,44,19,19,6,0,0,45,74,24,7,7,2,1
575,86,5,7,25,28,45,122,122,49,9,1,0,0,34,122,79,122,26,5,7,0,2,13,52,1
576,0,0,0,12,104,19,0,0,0,0,0,61,89,5,0,0,0,0,0,39,112,25,1,1,1
577,0,0,0,0,0,0,1,0,0,0,5,4,0,0,1,0,0,0,33,12,0,0,0,0,1
578,0,0,10,82,28,0,0,0,0,0,3,39,51,3,0,0,0,0,0,1,55,25,0,0,1
579,0,0,14,71,59,106,61,9,17,7,30,49,9,109,114,37,21,18,35,53,9,23,48,16,1
580,104,31,0,0,12,24,10,34,87,31,1,12,23,9,36,76,7,117,57,19,45,10,23,35,1
581,0,0,0,0,0,0,0,0,0,0,12,55,3,0,0,0,0,0,9,29,9,12,4,0,1
582,84,64,8,5,8,3,1,3,80,72,12,1,0,0,0,4,34,16,8,11,21,5,3,24,1
583,97,11,0,0,0,0,0,92,82,88,31,3,0,0,0,12,113,29,25,7,0,0,8,121,1
584,119,0,0,0,0,0,0,42,101,0,0,0,0,1,3,87,52,1,0,0,0,0,3,51,1
585,25,2,0,0,0,4,24,39,58,1,0,0,0,0,7,105,74,41,3,0,0,0,0,21,1
586,6,0,0,0,1,4,-123,112,57,5,17,24,8,7,27,32,29,20,64,80,19,11,4,6,1
587,15,0,0,9,-103,5,0,3,15,0,0,23,-103,4,0,2,7,0,0,32,-103,1,0,3,1
588,0,2,2,22,80,65,23,6,0,0,0,0,49,120,44,0,0,0,6,27,19,82,39,0,1
589,109,9,0,0,0,0,0,0,127,4,0,0,0,0,0,3,127,0,0,0,0,0,0,15,1
590,12,22,13,34,12,0,0,0,29,52,20,29,4,0,0,0,24,105,17,8,0,0,0,0,1
591,-126,5,0,0,0,0,0,21,-126,7,0,0,0,0,2,44,-126,11,1,1,0,1,5,40,1
592,94,1,0,2,11,1,0,30,-109,9,0,4,7,0,0,14,-109,12,0,3,4,0,0,9,1
593,29,43,12,3,0,0,3,3,11,66,119,13,4,0,0,0,1,16,40,16,46,13,0,0,1
594,25,21,8,14,5,4,5,12,43,106,31,20,2,0,0,1,18,66,119,43,3,0,0,2,1
595,4,13,29,2,0,11,20,13,5,15,17,0,0,25,49,23,5,74,82,0,0,0,0,0,1
596,44,12,13,30,5,0,0,5,29,3,14,102,71,0,0,14,8,12,19,-127,94,0,0,2,1
597,32,2,0,3,0,0,0,7,14,5,1,15,7,0,0,2,4,6,2,10,20,2,0,1,1
598,0,1,3,9,117,106,15,0,0,0,1,1,46,127,21,0,25,36,9,3,35,73,2,2,1
599,66,115,12,0,0,0,0,1,68,101,10,1,0,0,0,0,32,121,33,2,0,0,0,3,1
600,-114,18,0,0,0,0,0,54,-127,8,5,3,0,0,0,85,121,33,4,1,0,0,0,9,1
601,49,39,1,0,2,1,0,3,117,24,0,0,1,1,20,86,122,122,17,0,0,0,21,87,1
602,-120,10,0,0,0,0,0,2,-105,0,0,0,0,0,0,4,-105,0,0,0,0,0,0,9,1
603,49,0,0,0,0,0,8,117,31,0,0,0,0,0,9,118,62,14,0,0,0,0,1,45,1
604,15,45,76,23,52,11,2,12,76,55,53,17,14,18,31,75,33,15,10,82,47,7,24,58,1
605,9,104,32,0,0,0,0,0,2,126,42,1,0,0,0,0,8,60,9,3,0,0,2,0,1
606,48,5,0,0,0,0,0,18,71,97,112,4,0,0,0,30,71,-125,-125,8,0,0,0,0,1
607,39,0,0,0,0,0,20,68,47,9,7,0,0,0,0,17,23,16,4,2,0,0,0,2,1
608,84,55,37,21,6,7,15,26,23,55,119,96,5,0,0,1,8,6,28,60,47,24,8,0,1
609,44,0,0,1,3,0,0,19,121,72,26,1,9,5,1,34,16,61,121,60,3,0,0,0,1
610,102,21,1,0,0,0,0,43,90,15,2,0,0,0,5,117,55,98,44,8,0,0,0,10,1
611,3,2,8,13,13,15,1,2,3,0,1,6,30,93,56,20,42,3,3,5,6,16,72,122,1
612,121,23,0,0,0,0,0,30,59,5,0,0,0,0,5,121,72,1,0,0,0,0,4,119,1
613,7,3,0,1,4,55,24,13,29,15,3,5,5,11,8,7,41,18,8,12,4,1,5,9,1
614,58,45,1,0,0,0,0,0,111,31,1,0,0,0,0,2,82,33,0,0,0,0,0,8,1
615,8,0,0,0,1,103,63,55,35,1,0,0,2,72,24,33,80,15,0,0,4,35,14,13,1
616,28,25,5,0,26,81,56,11,89,18,9,68,65,8,3,60,31,36,74,121,61,0,0,3,1
617,3,0,2,6,7,13,51,45,5,7,22,4,0,2,63,105,1,10,90,16,0,3,5,2,1
618,10,16,50,8,0,0,0,1,11,3,5,4,0,1,10,26,54,8,0,0,0,0,7,83,1
619,0,0,0,0,53,22,1,0,5,0,0,0,101,-110,15,12,46,9,0,0,-112,-110,22,23,1
620,0,0,0,0,0,0,0,0,0,0,0,14,20,0,0,0,0,0,0,8,61,15,1,0,1
621,85,12,0,0,2,1,0,3,86,0,0,0,7,9,2,27,69,0,0,0,15,21,6,34,1
622,28,1,0,0,0,0,54,82,110,4,0,1,0,0,2,59,74,2,2,62,7,0,1,41,1
623,20,0,0,0,0,0,36,74,32,2,0,0,0,0,16,33,40,25,3,0,0,0,0,2,1
624,16,19,2,0,0,0,18,58,42,54,11,15,2,0,0,10,45,5,2,5,0,0,8,126,1
625,48,124,22,0,0,0,0,0,38,124,25,3,0,0,0,0,13,102,56,5,0,0,0,0,1
626,0,0,1,33,58,32,0,0,0,0,4,103,84,6,0,0,0,0,17,110,79,2,0,0,1
627,47,6,0,0,2,4,13,27,97,2,0,0,0,0,17,112,85,7,0,0,0,0,0,17,1
628,39,17,20,14,20,20,7,13,17,73,55,24,18,2,2,13,15,6,1,3,16,5,23,124,1
629,7,23,5,13,10,0,0,0,49,74,24,5,0,0,0,1,41,44,43,10,2,0,0,8,1
630,35,10,6,1,0,0,12,68,56,21,20,29,9,0,0,6,27,12,44,82,6,0,0,3,1
631,4,5,18,127,41,0,0,1,10,0,0,64,70,10,7,39,24,16,9,13,50,35,7,25,1
632,46,3,5,40,22,7,7,20,57,2,1,12,63,32,1,6,46,8,1,12,72,27,0,8,1
633,1,16,59,85,2,0,0,0,20,18,30,53,28,9,0,3,5,3,67,119,24,4,0,2,1
634,2,1,2,15,28,9,26,56,0,6,5,17,81,62,16,1,0,0,0,0,42,125,20,0,1
635,3,1,6,7,2,0,3,8,0,0,3,22,20,1,2,12,1,0,0,7,6,0,15,38,1
636,17,1,3,7,26,11,4,15,0,0,4,11,54,13,0,0,0,0,0,12,52,9,0,0,1
637,4,25,22,19,10,1,0,0,42,38,4,21,21,2,2,8,22,47,25,24,47,8,4,17,1
638,24,65,13,3,0,0,2,11,33,10,5,16,29,28,65,80,24,42,120,113,54,12,12,15,1
639,72,26,6,0,0,8,5,27,37,13,5,2,10,25,27,91,47,35,36,31,8,3,10,27,1
640,0,0,0,-120,48,0,0,0,0,0,0,84,92,8,2,0,0,0,0,18,61,14,7,3,1
641,9,5,0,8,45,1,0,0,30,3,0,15,-109,17,3,20,28,9,8,39,119,8,1,12,1
642,-92,32,17,62,16,0,0,8,105,12,8,79,46,0,0,8,55,6,2,73,80,0,0,2,1
643,0,0,3,31,44,2,0,0,4,0,3,38,57,2,0,2,8,4,0,11,50,13,1,1,1
644,7,2,0,29,78,0,0,0,2,5,2,39,78,0,0,0,0,0,0,14,73,2,0,0,1
645,126,0,0,0,10,11,4,126,108,10,33,28,3,6,2,95,30,67,66,81,2,0,0,7,1
646,0,1,7,19,26,14,1,0,0,1,5,37,47,29,2,0,0,0,1,30,120,62,5,0,1
647,60,0,0,8,104,4,0,6,62,6,2,12,126,15,0,6,34,15,10,100,53,0,0,1,1
648,8,0,0,1,20,75,30,14,2,0,0,11,32,30,34,19,5,0,0,0,8,7,45,58,1
649,36,13,0,0,0,5,70,53,31,6,6,10,5,31,105,58,54,53,56,17,2,2,1,8,1
650,36,37,3,13,14,0,0,2,88,24,1,9,17,0,0,3,116,4,0,5,14,0,2,43,1
651,0,0,0,0,1,30,-117,68,43,3,3,23,30,45,82,67,-125,21,13,74,32,0,1,36,1
652,0,0,1,7,33,38,0,0,0,0,0,1,116,65,0,0,0,0,1,60,119,12,0,0,1
653,86,1,0,0,1,3,2,5,94,7,0,0,0,1,1,8,61,4,0,0,0,0,0,5,1
654,0,0,0,0,5,91,42,2,0,0,1,6,36,93,40,0,0,0,20,38,51,12,1,0,1
655,118,5,0,0,0,0,0,19,-112,3,0,0,0,0,0,27,108,4,0,0,0,0,0,28,1
656,1,3,3,46,72,0,0,1,0,2,28,60,64,0,0,0,2,0,11,70,44,0,0,3,1
657,-101,8,0,0,0,0,0,36,-101,11,0,0,1,0,0,14,-110,1,1,1,0,0,0,30,1
658,2,0,1,0,0,0,0,1,1,2,10,3,2,0,0,1,9,9,3,2,6,3,0,1,1
659,8,3,3,64,65,0,0,1,12,7,1,16,60,4,0,10,4,14,4,20,17,0,0,0,1
660,41,0,0,0,0,0,4,121,121,1,0,0,0,0,0,73,123,8,0,0,0,0,0,14,1
661,-125,13,0,0,0,0,0,31,-125,12,0,0,0,0,0,23,-125,37,0,0,0,0,0,9,1
662,9,0,0,0,14,25,5,13,24,0,0,0,10,97,47,24,38,0,0,0,0,29,40,26,1
663,69,17,2,0,0,0,0,19,79,0,0,0,0,0,6,72,106,1,0,0,2,6,5,51,1
664,2,6,3,0,0,1,36,15,0,0,5,18,33,24,66,9,0,0,2,17,102,74,1,0,1
665,84,0,0,0,0,0,0,92,121,5,0,0,0,0,3,59,74,3,0,0,0,0,10,103,1
666,0,0,2,16,67,29,0,0,2,3,9,25,40,5,1,4,9,23,11,13,12,1,1,5,1
667,0,0,0,1,22,16,2,0,3,0,0,11,23,13,17,12,14,2,3,5,6,1,2,16,1
668,0,1,25,41,15,1,0,0,0,0,12,97,45,3,0,0,0,0,21,126,11,0,0,0,1
669,85,7,0,0,4,6,1,18,100,26,1,1,12,13,1,8,45,37,3,13,59,3,0,9,1
670,3,0,0,0,0,0,67,94,63,2,0,0,0,0,48,89,90,3,0,0,0,0,0,56,1
671,-105,2,0,0,0,0,0,35,-98,14,0,0,0,0,0,6,-98,39,0,0,0,0,0,3,1
672,4,0,0,0,-116,31,0,0,8,0,0,0,-116,68,0,2,11,0,0,0,-116,41,1,4,1
673,86,17,0,0,0,16,29,26,64,46,1,2,3,11,14,18,5,26,21,30,42,6,2,0,1
674,20,0,0,0,0,0,0,12,62,2,0,0,0,0,0,29,44,10,12,0,0,0,2,9,1
675,8,13,10,19,41,4,0,1,0,1,3,5,46,69,27,0,0,0,0,8,43,49,34,0,1
676,62,0,0,26,-122,0,0,8,52,0,0,103,-106,0,0,4,20,0,0,104,-106,0,0,2,1
677,0,0,0,0,0,124,86,1,0,0,0,4,12,124,124,0,0,0,4,39,49,26,8,0,1
678,0,0,0,0,1,24,83,2,0,0,0,0,20,93,39,1,0,0,0,0,115,-124,0,0,1
679,0,0,0,0,-109,35,0,0,0,0,0,3,-109,38,0,0,0,1,1,12,-109,31,0,0,1
680,0,0,0,0,0,0,0,0,44,0,0,0,0,0,0,23,77,33,0,0,0,0,0,12,1
681,0,0,0,0,23,59,118,16,19,7,0,0,9,34,65,8,23,13,5,1,9,16,8,14,1
682,0,0,0,32,102,25,13,0,0,0,4,63,-128,10,0,0,0,0,41,70,9,0,0,0,1
683,0,0,0,0,0,0,0,0,60,0,0,0,1,0,0,35,124,5,0,12,13,0,2,40,1
684,0,0,0,0,0,0,0,0,0,0,0,0,3,0,0,0,0,0,0,0,2,0,0,0,1
685,11,12,29,10,1,2,22,40,62,8,46,29,0,0,17,100,20,12,122,122,0,0,0,5,1
686,0,0,0,1,1,1,2,0,0,0,0,18,20,4,5,0,0,0,0,4,10,13,44,3,1
687,30,4,1,1,1,9,15,57,18,8,46,15,10,13,6,22,0,0,18,60,116,21,1,0,1
688,-112,39,0,0,0,0,0,8,-112,28,0,0,0,0,0,9,-112,70,0,0,0,0,0,3,1
689,0,0,0,0,0,0,0,0,0,0,9,27,1,0,0,0,0,0,21,31,7,2,0,0,1
690,67,2,3,5,1,0,0,4,57,2,3,2,0,1,2,9,40,1,1,2,3,0,2,11,1
691,23,30,17,0,0,5,8,17,19,1,1,0,6,12,12,74,20,91,37,9,1,0,1,22,1
692,2,1,0,21,96,0,0,0,2,0,0,17,60,11,7,2,8,0,0,7,15,3,20,25,1
693,0,0,1,14,52,20,0,0,0,0,0,0,63,75,2,0,0,0,0,14,80,22,1,0,1
694,0,0,0,0,0,0,0,0,20,25,5,10,32,13,7,0,8,17,11,46,120,45,25,0,1
695,4,0,0,0,1,1,0,0,5,3,19,10,6,1,0,2,10,5,11,8,6,6,19,25,1
696,0,1,11,23,1,0,2,1,3,3,22,40,1,0,1,1,16,4,8,20,3,5,25,20,1
697,0,0,0,13,89,53,3,0,0,1,4,81,117,6,0,0,0,0,3,53,117,12,0,0,1
698,0,0,0,18,117,29,1,0,0,0,0,68,92,4,0,0,0,0,7,90,36,0,0,0,1
699,0,0,0,0,0,17,47,11,0,0,0,12,36,55,37,2,4,10,9,55,31,3,0,1,1
700,49,25,2,32,37,3,0,0,86,5,1,63,89,0,0,11,40,13,11,-120,84,0,0,7,1
701,0,0,0,0,0,0,0,0,0,0,0,1,1,0,0,0,0,0,2,6,1,0,0,0,1
702,33,4,2,34,44,3,0,3,16,4,1,18,65,77,20,12,0,0,25,115,30,26,10,2,1
703,96,0,0,0,0,0,0,69,125,3,0,0,0,0,0,73,125,0,0,0,0,0,0,78,1
704,80,1,0,0,0,0,5,13,77,0,2,3,2,0,1,16,49,3,0,1,4,2,0,3,1
705,35,0,0,0,0,0,5,85,126,5,0,0,0,0,0,50,92,54,0,0,0,0,0,2,1
706,1,0,0,0,0,6,87,73,35,0,0,0,0,15,60,53,95,11,0,0,0,13,22,25,1
707,0,0,0,0,0,0,0,0,43,0,0,1,0,0,0,12,74,0,0,3,3,0,0,5,1
708,-90,26,0,0,0,2,14,-91,124,7,0,0,1,0,69,-90,63,2,0,0,1,0,2,20,1
709,0,3,52,14,2,4,1,0,0,0,0,0,1,13,10,0,0,0,0,0,0,0,0,0,1
710,1,0,6,63,98,8,1,2,0,0,0,44,119,11,0,0,0,1,18,47,34,0,0,0,1
711,0,0,0,0,63,63,31,0,0,0,12,46,31,59,59,0,0,0,16,99,48,15,2,0,1
712,65,88,25,0,0,0,0,0,66,-120,16,7,4,0,0,0,59,117,22,12,6,0,0,0,1
713,47,7,0,0,0,0,14,52,68,2,0,0,0,0,15,96,-126,32,3,0,0,0,6,105,1
714,0,0,0,0,0,41,-119,10,31,2,0,1,0,24,-119,62,45,81,69,4,0,0,7,20,1
715,3,5,1,0,0,26,92,10,19,0,0,0,0,35,52,20,22,0,0,0,0,7,58,57,1
716,14,78,55,63,63,17,2,0,1,120,120,46,22,11,1,0,8,27,77,49,57,9,1,1,1
717,41,0,0,0,0,0,0,65,78,13,11,20,2,0,0,33,50,24,29,33,3,0,0,1,1
718,49,2,0,3,24,10,2,11,66,6,1,17,39,8,2,10,46,3,1,8,21,20,7,15,1
719,0,0,0,0,0,0,0,0,0,0,1,0,0,0,1,1,3,1,0,0,0,0,0,0,1
720,17,23,66,34,20,9,3,4,31,10,13,23,8,23,48,36,1,27,109,93,7,2,9,6,1
721,62,80,1,0,0,0,0,1,-123,38,0,0,0,0,0,11,33,13,0,0,0,0,0,1,1
722,0,0,0,0,5,3,4,3,1,2,2,2,7,8,6,3,14,9,2,1,0,0,0,1,1
723,16,1,0,0,10,39,9,5,43,5,5,0,1,16,24,8,27,17,79,23,0,0,1,1,1
724,79,0,0,0,2,3,2,15,86,5,0,0,0,2,8,13,72,23,0,0,0,0,0,0,1
725,0,0,0,3,73,13,0,0,1,0,0,35,-110,3,0,0,2,0,0,32,114,0,0,4,1
726,3,6,9,15,1,0,0,0,1,8,21,7,1,0,0,0,1,5,12,1,8,18,2,1,1
727,4,1,1,0,0,0,0,1,20,15,10,9,0,0,30,39,20,5,6,2,3,1,37,53,1
728,0,0,0,0,0,0,0,0,0,0,13,48,2,0,0,0,0,0,10,26,8,12,4,0,1
729,3,0,0,0,0,0,0,1,63,0,0,0,0,0,0,13,69,1,0,0,0,0,0,5,1
730,69,1,0,37,48,0,0,13,42,0,0,28,87,4,0,9,24,0,0,8,84,13,0,4,1
731,48,1,0,0,0,0,37,-125,111,5,6,1,0,0,18,126,90,48,38,5,0,0,2,18,1
732,0,0,0,0,0,0,0,0,0,0,0,0,0,0,0,1,1,0,0,0,0,0,1,2,1
733,0,0,0,0,3,41,53,38,21,0,0,0,9,17,50,82,75,0,0,1,13,13,5,54,1
734,0,0,0,0,0,0,0,3,17,0,0,0,0,0,0,18,33,0,0,0,0,0,0,15,1
735,0,0,0,0,0,0,6,0,0,0,0,0,0,0,-110,7,0,0,0,0,0,0,37,2,1
736,0,0,0,0,0,0,0,0,0,0,1,4,0,0,0,0,0,0,0,2,0,0,0,0,1
737,4,2,0,0,47,66,2,1,0,0,0,61,108,32,0,0,0,0,0,89,75,9,5,0,1
738,0,0,0,0,0,0,0,0,2,0,0,20,30,4,7,21,24,0,0,11,19,10,41,126,1
739,0,0,0,2,4,0,0,0,16,2,1,26,25,0,0,7,14,32,38,30,2,0,0,1,1
740,2,0,0,0,0,0,0,1,46,0,0,0,1,0,0,13,55,1,0,0,0,1,1,9,1
741,0,0,1,2,1,0,0,0,0,0,0,1,7,7,0,0,0,0,0,0,6,18,10,0,1
742,0,0,0,10,29,48,39,0,0,0,2,0,0,11,28,2,0,0,6,0,0,0,0,0,1
743,1,2,13,32,17,6,3,1,0,0,2,46,84,27,6,0,0,1,4,80,53,8,0,0,1
744,6,8,18,70,32,0,0,5,28,46,30,68,39,1,0,4,22,26,11,55,27,1,2,24,1
745,8,0,0,0,0,0,0,5,59,9,11,9,0,0,0,11,42,10,10,8,8,15,2,7,1
746,8,0,0,0,30,17,0,2,1,0,1,2,16,19,0,0,0,0,0,1,19,68,2,0,1
747,9,15,16,17,17,18,13,13,9,4,8,7,26,29,32,35,1,5,6,8,50,39,55,13,1
748,55,4,3,105,74,0,0,17,19,0,0,69,-126,1,0,6,7,2,5,28,-126,20,0,0,1
749,0,0,0,0,0,0,0,0,35,2,1,7,2,0,0,13,51,14,14,24,24,1,0,3,1
750,55,18,0,0,0,0,1,11,38,0,0,0,2,7,8,58,81,11,0,1,5,5,7,29,1
751,0,0,0,6,24,65,24,0,1,18,35,21,15,67,11,0,58,40,49,31,5,0,0,2,1
752,10,2,2,5,0,0,0,3,16,7,6,85,79,0,0,2,5,0,0,61,123,0,2,5,1
753,75,8,4,0,0,0,2,7,67,1,0,0,0,0,12,25,56,9,0,0,0,0,0,3,1
754,46,1,0,0,2,12,43,-119,62,7,2,1,30,74,22,45,52,14,1,0,5,26,6,2,1
755,17,30,27,2,1,4,6,5,32,3,3,0,14,43,31,29,38,1,0,0,39,56,4,22,1
756,-104,17,0,0,0,0,0,10,-102,25,0,0,0,0,0,24,-102,16,0,0,0,0,0,32,1
757,86,0,0,5,16,2,2,33,50,1,0,4,56,15,7,49,36,25,17,24,29,3,0,2,1
758,0,0,0,0,10,-127,45,0,0,0,4,39,76,-127,8,0,0,0,0,9,41,40,0,0,1
759,39,6,0,6,25,29,23,8,57,40,26,29,41,21,0,1,6,20,63,77,24,1,0,0,1
760,1,0,1,89,49,1,0,1,0,0,0,38,85,10,0,0,0,0,7,59,42,3,2,0,1
761,0,0,0,0,0,0,0,5,1,0,0,20,13,3,6,20,0,0,0,18,23,4,19,46,1
762,0,0,3,0,0,0,0,1,0,0,19,7,0,0,0,0,0,0,1,1,1,7,14,2,1
763,1,0,0,0,0,0,3,14,32,0,0,0,0,0,1,40,44,0,0,0,0,0,0,12,1
764,124,4,1,0,0,0,0,24,111,0,0,0,0,0,0,22,73,3,0,0,0,0,0,5,1
765,1,23,18,1,2,2,0,0,2,8,2,0,26,26,3,1,1,0,1,1,40,35,2,4,1
766,1,0,6,75,52,14,9,15,47,0,4,21,11,6,10,99,70,0,0,1,16,2,0,41,1
767,0,0,0,0,0,0,0,0,0,0,0,0,2,2,5,0,0,0,0,0,14,17,2,0,1
768,0,0,0,0,0,0,0,0,0,0,0,0,2,5,0,0,0,0,0,0,2,8,8,1,1
769,7,0,0,0,0,0,0,3,54,0,0,15,17,0,0,10,40,1,0,15,21,1,0,4,1
770,0,0,1,2,0,0,0,0,0,0,2,19,7,2,1,0,0,0,5,3,8,5,4,0,1
771,1,16,1,1,0,3,8,4,6,0,0,5,20,24,28,33,15,4,5,45,14,2,2,13,1
772,31,0,0,0,0,0,39,123,123,12,0,0,0,0,7,68,46,37,14,0,0,0,7,27,1
773,0,0,0,0,23,64,104,18,13,0,0,10,121,50,15,12,10,1,1,116,120,8,0,0,1
774,0,0,0,3,49,9,3,0,0,0,0,13,73,6,0,0,0,0,0,10,47,10,2,1,1
775,0,1,19,40,0,1,47,42,0,2,83,123,0,0,0,1,0,1,94,78,1,0,0,0,1
776,0,0,0,0,0,0,0,0,0,0,0,0,0,0,0,0,1,7,1,0,0,0,0,0,1
777,80,10,3,1,7,11,22,51,85,8,0,0,1,3,54,82,125,15,0,0,2,6,8,16,1
778,31,0,0,2,21,1,0,21,38,3,0,0,16,2,0,16,45,10,0,2,14,0,0,0,1
779,1,0,0,0,0,0,0,1,43,0,0,39,81,2,0,21,46,4,0,31,-99,36,0,7,1
780,0,0,1,27,1,0,0,0,10,1,12,55,1,0,0,29,21,2,5,25,6,0,1,58,1
781,59,42,0,0,0,0,2,33,34,69,9,2,0,0,1,5,44,27,17,6,0,0,0,8,1
782,23,1,1,14,112,43,3,10,29,4,3,25,-99,26,2,7,24,4,1,9,-99,27,1,6,1
783,42,3,0,0,43,14,1,15,40,1,0,3,88,3,0,9,36,0,0,1,89,5,0,7,1
784,-124,-125,0,0,54,-124,28,8,-124,-124,0,0,40,50,3,1,124,-124,4,2,14,30,4,2,1
785,0,0,1,1,0,0,0,0,1,5,19,6,1,1,0,0,0,0,8,6,3,26,20,0,1
786,68,0,0,0,0,0,1,6,75,4,0,0,0,0,0,5,56,1,0,0,0,0,1,13,1
787,5,0,0,0,0,0,0,4,55,1,1,0,0,0,0,21,50,0,0,0,0,1,2,10,1
788,30,8,0,0,12,112,74,31,110,113,2,4,65,77,6,7,90,113,20,26,40,6,0,0,1
789,78,2,1,1,0,0,4,30,54,0,1,2,2,1,9,32,42,4,6,13,4,0,0,4,1
790,39,6,0,1,8,1,0,1,90,3,0,8,19,0,0,28,77,0,0,0,12,2,2,66,1
791,56,0,0,0,16,5,1,30,52,15,2,1,17,7,1,33,56,36,10,14,16,0,0,5,1
792,5,1,0,0,11,40,11,19,7,19,69,17,17,9,1,0,0,50,-122,15,0,0,0,0,1
793,84,14,2,1,8,5,17,33,67,15,14,7,35,20,17,26,53,14,5,8,22,13,29,44,1
794,67,1,0,0,65,14,1,20,70,11,0,7,88,3,0,7,59,6,0,5,112,1,0,4,1
795,29,3,1,0,2,120,98,16,120,72,6,0,0,34,86,46,52,120,16,0,0,4,3,23,1
796,0,0,0,0,0,0,0,0,21,0,0,17,-121,14,2,19,26,9,5,106,-118,6,1,7,1
797,9,0,0,0,36,35,12,26,43,1,0,1,68,55,4,12,32,12,21,46,30,15,0,1,1
798,7,3,0,0,0,6,5,6,4,0,0,0,0,1,17,28,6,1,0,0,0,5,8,7,1
799,1,0,0,0,0,0,0,7,31,0,0,0,0,0,0,19,49,3,1,0,0,0,0,4,1
800,32,8,0,0,0,0,0,0,-124,5,0,0,0,0,0,8,119,1,0,0,0,0,0,9,1
801,10,10,2,6,30,15,3,1,38,6,2,2,3,10,8,14,22,0,1,4,21,41,14,35,1
802,29,8,2,0,0,2,25,57,87,126,25,2,0,0,5,26,61,-128,44,2,0,0,0,0,1
803,0,0,0,0,0,0,0,0,0,0,0,2,0,0,0,0,0,1,9,10,0,0,0,1,1
804,0,0,0,17,51,30,33,3,0,0,2,10,53,83,15,2,0,3,6,5,49,126,9,0,1
805,6,0,0,1,0,0,0,5,34,5,1,81,84,0,0,7,18,1,0,57,-120,6,1,9,1
806,68,43,0,2,17,0,0,2,96,33,0,0,30,2,0,0,87,2,0,1,26,1,0,18,1
807,9,0,0,4,-111,28,0,2,15,0,0,0,-111,74,1,3,10,0,0,0,-111,57,2,6,1
808,1,0,0,2,47,89,27,3,1,0,0,2,24,126,48,4,1,3,6,12,42,66,24,3,1
809,0,0,0,0,2,0,0,0,0,0,0,54,87,1,0,0,0,0,10,-128,58,6,0,0,1
810,12,0,0,7,30,117,54,36,22,1,0,15,92,88,3,19,16,2,0,1,15,32,0,4,1
811,-109,42,51,35,0,0,0,47,-109,82,7,0,2,13,6,24,-109,45,0,2,7,7,2,5,1
812,0,0,0,13,2,2,0,0,0,0,0,1,1,4,3,0,0,0,0,0,0,0,0,0,1
813,42,0,0,55,-127,1,0,34,45,2,0,99,-127,0,0,4,15,7,26,-127,124,1,1,2,1
814,0,0,0,0,0,0,0,0,11,0,0,5,3,0,0,5,-119,31,3,9,3,0,0,38,1
815,0,0,0,0,53,64,29,14,0,0,15,46,123,39,7,6,0,0,119,122,44,0,0,0,1
816,100,0,4,5,40,34,3,65,55,4,42,80,40,13,1,34,8,32,103,104,45,0,0,1,1
817,27,32,7,10,23,57,24,4,25,2,4,15,21,30,86,52,39,11,69,36,1,6,70,48,1
818,98,13,0,0,0,2,10,34,51,6,8,4,8,8,43,42,13,0,7,9,49,74,25,27,1
819,0,2,19,36,24,2,0,0,13,9,33,43,22,2,8,29,32,0,0,7,9,0,9,79,1
820,12,17,41,19,11,4,4,35,0,28,79,43,9,5,0,0,0,65,119,12,1,2,2,1,1
821,61,3,0,0,0,0,21,110,117,62,1,1,1,1,1,31,117,61,1,0,0,0,0,2,1
822,4,21,21,0,0,0,0,1,19,17,3,0,0,0,17,66,20,51,2,0,0,0,8,30,1
823,123,7,0,0,2,39,10,10,-96,3,0,0,0,2,6,39,82,10,0,0,0,0,0,7,1
824,0,1,4,29,62,2,0,0,0,1,6,26,46,4,2,0,4,3,0,8,27,4,4,1,1
825,0,0,0,0,0,0,0,0,37,2,0,0,0,0,0,15,61,18,0,0,0,0,0,9,1
826,-110,34,1,0,0,0,0,9,-110,32,16,6,0,0,0,25,54,28,71,62,0,0,0,5,1
827,1,0,0,0,43,77,42,32,12,0,0,3,-112,76,23,37,14,18,33,94,-112,22,4,11,1
828,78,1,0,0,0,0,1,6,93,2,0,0,0,0,0,10,52,1,0,0,0,0,0,6,1
829,12,8,9,3,5,11,6,8,4,0,0,0,2,9,12,15,9,3,0,0,0,0,0,5,1
830,22,13,10,29,28,3,0,1,4,10,57,73,38,4,5,1,2,0,8,12,19,15,121,22,1
831,0,0,0,0,0,1,0,0,0,0,2,1,0,0,0,2,0,0,0,1,2,0,2,2,1
832,8,0,0,8,-120,46,4,4,20,0,0,0,-120,-124,7,11,27,3,0,8,95,78,9,3,1
833,-128,56,0,0,0,3,7,9,-93,48,0,0,0,0,0,27,-116,1,0,0,0,0,0,76,1
834,8,0,0,5,41,51,62,32,29,4,1,37,125,52,30,18,19,5,17,63,125,13,0,7,1
835,95,1,1,2,0,0,0,16,88,1,2,6,3,4,1,11,66,8,0,0,1,5,2,2,1
836,7,0,0,0,0,0,0,4,69,3,0,0,0,0,0,12,56,20,42,6,0,0,0,2,1
837,4,29,1,0,4,48,22,1,72,83,2,0,0,10,2,32,77,2,0,0,0,0,1,71,1
838,-124,1,0,2,1,0,0,41,109,5,8,5,1,0,0,20,47,1,4,5,2,0,0,7,1
839,6,12,0,0,1,0,0,0,36,59,2,1,15,21,6,1,11,37,25,7,12,80,21,2,1
840,7,0,0,0,0,0,0,7,59,5,24,53,0,0,0,20,17,10,-107,-97,4,0,0,0,1
841,92,2,0,6,62,0,0,2,88,4,1,17,66,4,0,5,66,3,0,1,31,17,0,3,1
842,7,0,0,1,3,0,0,0,67,21,11,21,37,3,0,3,24,16,28,22,10,12,27,32,1
843,4,24,45,109,20,1,0,1,11,16,15,47,42,7,0,0,10,2,0,23,47,5,4,10,1
844,1,4,16,3,10,27,3,1,13,114,105,11,9,4,1,0,40,75,19,6,38,16,0,0,1
845,0,2,12,15,17,10,2,0,26,13,28,17,6,6,1,13,18,12,0,0,11,16,1,2,1
846,0,0,0,0,0,3,21,1,0,0,0,0,3,19,-89,23,1,0,0,0,14,10,29,4,1
847,0,0,0,30,71,64,7,1,0,0,2,71,79,9,0,0,0,0,34,71,38,3,1,2,1
848,4,15,41,29,12,4,1,2,26,8,1,7,13,24,68,37,51,1,0,0,0,1,52,113,1
849,105,0,0,0,7,12,2,29,104,0,0,0,8,8,1,20,76,6,0,0,6,4,0,1,1
850,16,15,16,5,1,0,5,10,0,3,38,30,40,4,0,0,0,0,2,12,50,1,0,0,1
851,7,11,29,30,66,24,9,14,28,13,3,56,-126,14,2,3,24,4,6,99,-126,4,0,2,1
852,1,0,0,0,0,0,0,1,54,0,0,0,1,0,0,14,74,1,0,1,4,0,0,2,1
853,63,1,0,0,0,1,0,2,74,1,1,1,2,2,0,5,55,1,0,0,3,2,0,6,1
854,80,4,0,0,0,0,4,109,67,8,0,7,3,0,12,59,60,14,4,22,15,3,4,16,1
855,12,17,1,3,6,30,30,6,21,89,10,1,22,15,2,1,2,22,10,11,34,8,0,0,1
856,0,1,1,92,77,0,0,0,0,5,29,52,45,0,0,0,0,8,21,33,20,0,0,0,1
857,0,0,0,0,0,0,0,11,39,0,0,0,0,0,0,44,64,3,0,0,0,0,0,12,1
858,0,0,0,0,0,0,1,0,0,0,0,0,0,12,108,0,0,0,0,0,0,4,40,0,1
859,0,0,1,49,65,16,38,5,33,16,43,123,23,1,2,13,125,18,29,39,2,0,1,60,1
860,1,0,0,2,1,0,0,0,2,5,1,4,1,0,0,0,1,2,0,0,1,6,1,0,1
861,79,0,0,0,0,0,6,-121,108,17,19,0,0,0,0,-121,27,95,-121,0,0,0,0,8,1
862,3,10,7,37,74,21,2,0,56,27,8,19,48,29,12,23,83,47,8,7,0,0,0,23,1
863,3,1,1,3,9,2,0,1,2,1,2,10,6,2,0,1,2,0,0,1,7,7,1,2,1
864,14,32,15,21,21,1,0,2,4,32,23,29,14,14,23,13,5,2,1,13,12,20,29,13,1
865,1,0,0,1,4,2,1,0,1,2,0,0,1,1,2,0,0,0,0,0,0,1,1,1,1
866,46,0,0,27,29,5,11,126,20,0,0,60,126,8,13,78,20,0,0,3,60,7,0,4,1
867,4,0,0,3,74,25,6,3,1,0,0,12,90,25,4,2,0,1,2,18,25,5,0,0,1
868,3,0,0,0,0,0,2,34,65,0,0,0,0,0,0,66,67,4,0,0,0,0,0,7,1
869,1,0,0,0,0,2,63,37,0,17,17,1,0,18,-113,10,1,59,45,6,3,0,6,1,1
870,19,11,4,0,0,1,34,46,7,38,27,22,9,2,7,8,3,14,4,18,6,1,16,26,1
871,0,0,0,1,62,7,3,0,0,0,0,3,71,8,1,0,0,0,0,33,65,1,0,0,1
872,0,0,0,35,66,9,1,0,2,3,52,116,54,9,1,1,11,5,57,74,6,4,60,70,1
873,2,0,0,0,0,0,0,1,55,0,0,0,0,0,0,16,61,2,1,0,0,0,0,8,1
874,8,0,0,0,0,0,0,4,95,0,0,0,0,0,0,19,59,6,0,0,0,0,0,1,1
875,2,0,0,0,0,0,0,1,63,2,0,0,0,0,0,17,81,3,0,0,0,0,0,10,1
876,0,0,4,33,117,24,0,0,0,0,42,82,49,7,0,0,0,1,9,10,22,51,48,0,1
877,44,2,4,2,1,7,5,8,62,0,0,0,0,13,12,8,56,5,0,0,1,2,0,3,1
878,83,0,0,2,6,1,0,3,87,1,0,8,11,0,0,6,60,4,0,4,10,1,0,3,1
879,47,41,17,5,4,1,2,30,96,1,0,0,8,4,6,99,120,15,0,1,14,2,0,22,1
880,2,0,0,0,1,1,27,-86,2,0,0,0,2,8,27,74,20,11,0,0,0,1,15,21,1
881,0,0,0,0,19,37,33,8,1,0,0,1,27,74,67,9,21,10,3,11,12,21,31,47,1
882,-78,6,4,0,0,0,0,52,-111,2,0,0,0,0,1,66,56,0,0,0,0,0,2,28,1
883,4,7,0,0,1,6,2,0,2,2,0,6,59,38,2,3,2,2,1,25,58,20,8,5,1
884,44,40,0,0,0,0,6,24,95,99,4,0,0,0,0,0,60,73,19,3,0,0,1,9,1
885,1,0,0,0,0,0,0,0,49,0,0,34,28,0,0,30,48,15,5,92,94,7,0,10,1
886,0,1,1,0,0,0,2,1,0,11,12,0,0,0,0,0,0,13,12,2,0,0,0,0,1
887,86,0,0,0,0,0,0,15,70,1,1,2,0,0,0,14,38,0,0,1,4,2,0,9,1
888,92,4,2,4,0,0,0,13,74,13,7,6,0,0,0,4,41,21,5,9,2,0,0,3,1
889,3,0,0,0,0,0,0,2,63,1,0,0,0,0,0,21,70,2,0,0,0,0,0,12,1
890,0,0,0,0,0,0,0,4,24,0,0,0,0,0,0,17,52,1,0,0,0,0,0,8,1
891,1,0,0,0,0,0,0,0,44,7,2,22,32,12,7,5,48,4,0,6,16,37,62,31,1
892,8,0,0,0,0,5,77,47,31,1,1,0,2,29,28,26,38,0,0,0,8,38,7,17,1
893,105,15,1,44,68,3,0,2,75,6,2,77,70,0,0,15,36,2,0,22,65,1,0,3,1
894,0,0,0,2,5,3,0,0,2,1,1,2,0,0,0,1,0,1,1,2,2,1,0,0,1
895,12,0,0,0,0,0,37,-124,78,28,0,0,0,0,7,26,68,12,0,0,0,0,1,39,1
896,0,0,0,0,0,0,0,0,0,0,1,4,0,1,0,0,0,0,0,0,2,12,2,0,1
897,79,2,0,0,0,0,53,103,16,15,27,0,0,0,49,77,4,28,123,9,2,2,0,2,1
898,0,0,18,63,33,17,64,21,0,0,49,-125,27,0,0,0,0,0,3,-125,44,0,0,0,1
899,6,0,0,0,0,0,0,3,30,1,0,0,0,0,0,7,30,1,3,5,0,0,0,15,1
900,2,0,0,5,31,0,0,0,11,14,6,59,94,0,0,1,11,15,7,32,41,10,7,2,1
901,89,0,0,0,0,0,1,79,126,2,0,0,0,0,0,56,126,2,1,2,0,0,0,22,1
902,13,0,0,0,0,0,0,15,49,1,0,0,0,0,0,13,32,2,1,0,2,1,1,6,1
903,0,0,6,42,94,31,0,0,0,0,30,80,33,3,0,0,0,5,85,94,8,0,0,0,1
904,48,6,0,2,5,2,3,44,54,0,0,3,36,13,1,25,53,2,0,5,46,22,0,11,1
905,34,48,6,0,0,0,0,0,45,51,2,1,0,0,0,0,19,28,2,1,3,1,0,0,1
906,17,2,0,0,0,0,0,4,5,1,0,0,0,0,3,12,0,0,2,4,7,0,0,4,1
907,13,2,3,0,0,15,56,70,0,0,0,6,43,101,52,2,0,0,11,92,63,17,0,0,1
908,0,0,0,0,0,0,0,1,0,0,0,2,1,0,0,1,0,0,0,4,4,4,0,0,1
909,10,0,0,0,0,0,4,19,0,0,0,0,7,42,28,7,0,0,0,0,14,30,2,0,1
910,0,0,0,0,0,2,87,61,1,0,0,0,0,1,122,-128,63,2,0,0,0,0,27,110,1
911,0,0,2,4,61,116,9,0,2,3,49,40,37,28,0,2,19,10,20,15,23,0,0,10,1
912,5,9,0,0,0,0,0,0,11,1,0,0,0,0,0,7,7,0,0,0,0,0,0,5,1
913,0,0,0,0,0,0,0,0,51,0,0,1,0,0,0,17,60,1,0,2,5,1,0,15,1
914,0,0,0,2,37,73,4,0,0,0,0,1,99,-128,7,0,6,1,6,20,72,49,38,12,1
915,0,0,0,1,0,0,0,0,0,0,39,61,0,0,0,0,0,0,24,48,5,7,18,2,1
916,110,7,0,0,0,0,0,67,110,30,0,0,0,0,0,23,84,79,24,2,0,0,0,20,1
917,-110,0,0,0,0,1,0,58,118,3,1,3,2,0,0,32,55,1,0,1,4,0,0,10,1
918,0,0,3,21,45,15,8,4,0,0,0,67,118,10,3,0,0,0,46,111,98,1,0,0,1
919,0,0,38,50,4,2,21,31,0,0,77,123,40,5,0,0,0,0,1,15,81,102,3,0,1
920,2,0,0,10,38,97,19,7,4,7,24,105,78,25,1,2,4,2,22,58,11,6,40,81,1
921,12,0,0,0,0,0,0,11,63,1,0,7,19,2,0,39,44,2,0,2,44,20,1,20,1
922,42,0,0,0,0,0,0,27,68,1,5,6,0,0,0,16,38,1,4,7,2,3,1,8,1
923,0,0,0,0,23,4,2,3,9,0,0,3,121,67,22,25,12,23,39,77,121,24,3,4,1
924,3,0,5,37,121,51,2,8,0,0,52,121,55,8,1,2,9,7,9,121,44,1,1,4,1
925,64,12,0,0,0,0,3,44,52,19,3,0,0,0,5,38,25,11,13,25,0,0,0,6,1
926,0,0,0,0,1,0,0,1,2,0,0,0,2,8,10,26,8,1,0,0,1,6,7,20,1
927,0,2,3,0,0,0,1,0,0,4,5,1,1,0,0,0,0,0,0,0,6,7,1,2,1
928,12,0,1,9,22,23,4,6,7,8,18,16,24,73,31,13,6,18,35,17,7,17,45,38,1
929,84,6,1,0,0,0,0,4,82,11,0,0,0,0,0,5,56,1,0,0,0,0,0,20,1
930,1,8,8,10,5,0,0,0,0,11,39,84,28,0,0,0,0,0,1,47,50,18,21,1,1
931,50,13,1,0,0,0,41,112,48,99,43,0,1,12,11,19,3,16,16,28,41,43,13,1,1
932,-120,28,0,0,0,1,3,13,-120,30,3,0,2,9,15,76,96,37,32,24,20,2,21,74,1
933,34,0,0,0,0,0,0,31,71,23,0,0,0,0,0,46,36,4,0,0,0,0,0,40,1
934,0,0,0,0,0,0,0,6,27,0,0,0,0,0,0,28,42,1,0,0,0,0,0,13,1
935,0,0,0,8,1,0,0,0,2,0,0,17,24,2,2,5,10,9,15,46,24,2,1,6,1
936,6,0,0,0,2,58,-123,125,29,56,19,1,5,24,11,40,1,44,30,6,3,7,3,1,1
937,13,4,0,1,5,3,18,66,25,53,4,2,2,1,2,18,2,51,74,5,1,0,0,0,1
938,0,0,0,2,12,13,3,1,0,0,0,0,32,51,5,0,0,0,0,0,57,72,10,0,1
939,0,0,0,66,109,0,0,0,0,0,0,46,127,20,0,0,2,3,4,24,50,43,7,0,1
940,1,0,0,0,0,0,0,0,36,0,0,21,65,0,0,12,36,8,1,20,-90,10,0,6,1
941,0,1,9,6,66,48,7,7,0,0,0,4,103,57,11,7,0,0,0,1,66,30,9,7,1
942,-123,1,1,1,0,0,0,24,113,1,0,0,0,1,5,26,68,8,0,0,0,0,4,8,1
943,61,30,19,48,12,7,10,54,26,10,54,-110,75,6,3,28,0,2,46,41,30,13,2,0,1
944,19,1,0,3,30,16,28,25,42,5,0,0,3,6,75,56,103,21,0,0,0,0,3,29,1
945,5,4,4,2,0,3,6,2,41,3,0,0,0,23,35,27,51,6,0,0,1,22,26,44,1
946,17,0,0,2,-101,2,0,2,16,0,0,6,-101,4,0,4,12,0,0,4,-101,6,0,4,1
947,8,6,5,1,3,2,0,8,7,11,6,3,18,6,0,4,26,8,7,16,15,2,1,18,1
948,-122,0,0,0,0,0,0,16,-122,0,0,0,0,0,0,40,-122,0,0,0,0,0,0,52,1
949,3,1,4,29,30,1,6,5,42,10,6,5,0,3,19,25,31,1,0,1,27,35,31,61,1
950,125,0,0,0,0,0,0,56,125,3,0,0,0,0,0,30,125,0,0,0,0,0,0,62,1
951,0,0,0,0,68,77,14,0,4,4,4,14,51,57,31,4,62,19,5,15,49,8,6,15,1
952,0,0,0,16,127,14,2,0,0,0,0,16,127,33,0,0,0,0,0,13,127,65,0,0,1
953,1,43,121,54,7,0,0,0,9,66,79,9,2,0,0,0,1,67,107,16,1,0,0,0,1
954,8,11,6,13,11,1,4,34,8,0,0,2,5,20,96,123,11,26,13,0,1,27,84,60,1
955,0,0,0,0,0,0,0,0,35,1,0,0,0,0,0,34,71,9,0,0,0,0,0,22,1
956,109,4,0,0,0,0,0,1,-122,1,0,0,0,0,0,4,126,0,0,0,0,0,0,7,1
957,26,12,2,7,2,2,20,24,37,8,3,29,25,1,0,14,11,10,23,79,10,0,0,2,1
958,68,24,13,2,1,4,12,19,119,89,2,0,0,0,0,7,119,16,1,0,0,0,2,85,1
959,26,8,43,9,0,0,0,10,17,25,83,30,0,0,0,0,80,18,17,7,0,0,0,22,1
960,0,0,2,19,126,39,0,0,0,0,0,17,126,83,0,0,0,0,0,69,126,15,0,0,1
961,14,5,1,1,5,40,11,19,50,31,6,0,0,21,11,16,50,54,58,0,0,0,0,3,1
962,20,22,3,2,2,52,73,20,0,1,5,8,38,90,88,3,0,9,25,36,54,14,3,0,1
963,10,1,0,0,7,37,16,10,0,0,0,0,0,59,102,21,0,0,0,0,1,48,121,32,1
964,11,9,18,4,0,0,0,23,4,41,57,29,1,0,0,0,18,20,7,10,1,0,0,5,1
965,39,2,0,0,0,0,13,124,41,70,1,0,0,0,7,55,101,73,1,0,0,0,0,28,1
966,19,0,0,0,0,0,33,83,41,12,2,0,0,0,0,11,20,10,5,3,0,0,0,2,1
967,0,1,3,0,2,4,0,0,0,0,0,2,37,15,0,0,0,0,0,2,83,6,0,0,1
968,30,0,0,0,0,0,4,75,86,1,0,0,0,0,1,61,78,15,5,0,0,0,1,24,1
969,20,24,13,0,0,0,2,17,45,27,8,1,0,0,3,12,21,4,2,0,0,24,45,25,1
970,25,37,32,32,8,0,0,1,44,18,9,5,1,8,36,34,78,5,9,11,3,4,13,24,1
971,37,5,0,5,28,5,1,3,18,10,1,3,48,13,1,2,21,1,0,2,77,4,0,4,1
972,3,3,14,45,35,22,0,0,0,0,0,6,126,107,1,0,0,0,0,53,126,17,0,0,1
973,0,0,0,1,5,99,114,6,27,7,7,5,2,72,114,13,21,14,58,42,1,2,1,6,1
974,-118,0,0,0,0,0,0,10,-112,0,0,0,0,0,0,26,120,0,0,0,0,0,0,30,1
975,38,13,10,9,3,0,0,26,15,94,66,11,2,0,0,0,56,67,23,7,4,0,0,5,1
976,53,0,0,0,0,0,21,121,121,18,0,0,0,0,3,113,121,121,0,0,0,0,0,10,1
977,23,12,0,0,10,13,6,6,93,54,2,2,17,6,0,3,82,48,6,5,2,0,0,11,1
978,72,5,2,2,1,4,16,42,21,32,23,20,7,11,24,22,84,93,27,26,4,1,0,9,1
979,0,0,0,20,96,2,0,0,0,0,0,11,101,12,0,0,0,0,0,12,121,12,0,0,1
980,94,0,0,0,0,0,1,78,79,16,0,0,3,4,5,36,30,59,4,8,6,1,0,0,1
981,43,0,0,0,0,20,14,28,73,0,0,0,0,30,15,37,88,21,0,0,0,19,8,21,1
982,70,0,0,0,0,0,18,78,127,0,0,0,0,0,0,66,-125,5,0,0,0,0,0,20,1
983,2,10,18,37,14,4,2,0,0,0,1,59,76,13,4,0,0,0,0,16,75,68,39,0,1
984,25,17,18,4,0,0,0,1,92,8,1,0,0,0,6,24,90,14,1,0,0,2,4,64,1
985,119,0,0,1,2,1,4,-110,113,4,0,7,16,6,11,-110,-110,26,0,0,11,23,7,37,1
986,57,1,0,2,10,7,3,14,59,1,0,26,49,2,2,26,43,7,0,10,41,1,0,2,1
987,3,0,3,5,3,1,24,66,0,0,19,117,6,3,21,19,0,0,10,120,59,4,0,0,1
988,31,11,1,0,0,0,1,44,55,44,0,0,0,0,0,4,110,12,0,0,0,0,0,16,1
989,78,5,0,0,0,0,0,82,127,3,0,2,0,0,0,88,127,20,19,19,0,0,0,25,1
990,10,27,16,18,44,61,20,5,15,1,0,0,4,116,111,15,28,25,27,0,0,17,38,12,1
991,0,24,83,59,9,1,1,3,21,7,15,24,12,21,53,56,54,37,5,0,0,3,21,34,1
992,35,74,7,1,8,4,3,9,21,34,16,6,34,47,30,14,25,0,0,9,24,26,49,37,1
993,0,0,0,0,0,0,0,0,0,0,15,60,39,0,0,0,0,4,73,-126,23,0,0,0,1
994,3,0,12,29,41,93,6,3,0,0,0,0,62,-121,24,0,0,2,2,4,40,97,22,0,1
995,39,6,0,0,0,0,7,92,122,66,0,0,0,0,0,16,85,21,0,0,0,0,0,63,1
996,11,4,1,0,0,1,21,76,1,0,0,0,5,24,51,106,12,4,1,1,12,17,30,81,1
